event_date,drop,intensity,dst,normalization,adjacency_method,global_efficiency,estrada_index,entropy,fractal,hurst_rs,modularity,assortativity,avg_katz,avg_closeness,avg_betweenness,avg_laplacian
2024-05-10,15.32,G5,-412.0,min_max,manhattan,0.27079628939588773,83.32030535385152,3.397476638724093,1.3274360327744705,0.5324759198213979,0.675045707654192,-0.32574762946754193,0.17207740280963474,0.1697188592107629,0.1682551319648094,0.07399065239653854
2024-05-10,15.32,G5,-412.0,z_score,manhattan,0.26544551828642643,80.0191174145057,3.2977031171814324,1.192491745090309,0.382373158753332,0.6897472365694414,-0.390279823269514,0.17265621573555104,0.17280394207094923,0.1604349951124145,0.06989687215018812
2024-05-10,15.32,G5,-412.0,robust,manhattan,0.27964165464165375,80.99992477405759,3.2927638229852763,1.3642867413853923,0.4460321168314185,0.6860875407557753,-0.4275092936802974,0.1724497868470121,0.1954933552241656,0.1381964809384164,0.07071910489304861
2024-05-10,15.32,G5,-412.0,decimal_scaling,manhattan,0.26623977085624767,83.1307365008578,3.414264743476236,1.1782019256684284,0.49785052059796925,0.6768100031504176,-0.38876199177706716,0.17218885653675892,0.16533758184616276,0.1703323558162268,0.07454258684132008
2024-05-10,15.32,G5,-412.0,none,manhattan,0.26623977085624767,83.1307365008578,3.414264743476236,1.1782019256684284,0.49785052059796175,0.6768100031504175,-0.38876199177706716,0.17218885653675892,0.16533758184616276,0.1703323558162268,0.07454258684132008
2024-05-10,15.32,G5,-412.0,min_max,minkowski,0.2638399426751694,79.17305265312817,3.4135463837994795,1.483118311053721,0.44825791560778244,0.6671951604863177,-0.24878048780487805,0.17277219308187702,0.17270509995593247,0.1625122189638319,0.07262656494004134
2024-05-10,15.32,G5,-412.0,z_score,minkowski,0.2667134948384938,80.98172012461862,3.3077612280453446,1.2264958930095866,0.5139875700601302,0.684938568935162,-0.44404332129963897,0.17249410906533702,0.1701538465784622,0.1627565982404692,0.0712642426161481
2024-05-10,15.32,G5,-412.0,robust,minkowski,0.2731875920796369,79.83385750796101,3.281408803504391,1.2928730168589713,0.35788258448494026,0.7073566132465138,-0.28530020703933745,0.1726233876543657,0.18581654730416514,0.14638318670576733,0.07028712150693248
2024-05-10,15.32,G5,-412.0,decimal_scaling,minkowski,0.25282196233900733,79.57701658186936,3.4102898413875993,1.3759748350462053,0.4972768274169888,0.6813650421869839,-0.3958333333333333,0.17280746371801822,0.15499333882526906,0.18328445747800587,0.07282800875383132
2024-05-10,15.32,G5,-412.0,none,minkowski,0.25282196233900733,79.57701658186936,3.4102898413875993,1.3759748350462053,0.49727682741698925,0.681365042186984,-0.3958333333333333,0.17280746371801822,0.15499333882526906,0.18328445747800587,0.07282800875383136
2024-03-24,11.47,G4,-130.0,min_max,manhattan,0.265078771186725,78.18802977343026,3.4243438514141067,1.1539493906533071,0.35574731600895027,0.68913548032178,-0.24855491329479767,0.17299525987279846,0.18821891681141276,0.14772727272727273,0.0728881592371953
2024-03-24,11.47,G4,-130.0,z_score,manhattan,0.27267584057356714,80.23523367236737,3.4234334924833045,1.1275029943821004,0.47745566774334114,0.6754697397008552,-0.47410586552217454,0.17269677658122187,0.1943343839044079,0.14198435972629522,0.07496274725593699
2024-03-24,11.47,G4,-130.0,robust,manhattan,0.2674638387706562,79.33118751226438,3.4295868584384213,1.224241312350907,0.3871225315988993,0.6910625088194022,-0.3421359223300971,0.17279363920248758,0.18465452272280894,0.14992668621700878,0.07391796523450236
2024-03-24,11.47,G4,-130.0,decimal_scaling,manhattan,0.2883072472561097,79.77529657063472,3.416731540549893,1.440653895217461,0.2986390222761335,0.6892627454346376,-0.3648033126293996,0.172639446816306,0.22083174893777102,0.12035679374389052,0.07370819822616677
2024-03-24,11.47,G4,-130.0,none,manhattan,0.2883072472561097,79.77529657063472,3.4167315405498933,1.440653895217461,0.2986390222761357,0.6892627454346375,-0.3648033126293996,0.172639446816306,0.22083174893777102,0.12035679374389052,0.07370819822616688
2024-03-24,11.47,G4,-130.0,min_max,minkowski,0.26546825438870825,78.03797978940133,3.4276373621493526,1.436798444717772,0.30529614912479586,0.6730404716061563,-0.09892362890825218,0.17296529516730866,0.18350419216089442,0.15273704789833825,0.07287104597647547
2024-03-24,11.47,G4,-130.0,z_score,minkowski,0.2813820911832265,79.57615828915388,3.4200810529825203,1.2030442753422712,0.5346743261587164,0.6765440250996327,-0.3333333333333333,0.1726924091859854,0.2087873330042272,0.13025415444770286,0.07433261929162042
2024-03-24,11.47,G4,-130.0,robust,minkowski,0.2738484001268082,78.34147168321333,3.418626592804425,1.371262391124608,0.3230414811135376,0.6720680295830063,-0.3046831955922865,0.1729503022329338,0.20096596472855968,0.13501955034213098,0.07253830562994425
2024-03-24,11.47,G4,-130.0,decimal_scaling,minkowski,0.2641998889157972,80.5490308651719,3.4146550911783997,1.288829886460192,0.696055768954201,0.6887687899470228,-0.4457831325301205,0.17265408279121275,0.175334515248282,0.15860215053763443,0.07469422208430772
2024-03-24,11.47,G4,-130.0,none,minkowski,0.2641998889157972,80.5490308651719,3.4146550911783997,1.288829886460192,0.6960557689542006,0.6887687899470228,-0.4457831325301205,0.17265408279121275,0.175334515248282,0.15860215053763443,0.07469422208430782
2023-04-23,6.57,G2,-213.0,min_max,manhattan,0.25299072542769924,82.89063404023209,3.4823811760903585,1.0920061212716548,0.5616217436283635,0.6904564101902835,-0.35578201151971656,0.16805997843690565,0.17834440978321567,0.14744079449961803,0.06810328964713845
2023-04-23,6.57,G2,-213.0,z_score,manhattan,0.2614210905807539,85.21530866392112,3.4957035793958755,1.4937650153795206,0.36218742591854725,0.6896995639477648,-0.7137096774193551,0.16772055096851596,0.1809843624645245,0.14367201426024956,0.07039078811348835
2023-04-23,6.57,G2,-213.0,robust,manhattan,0.2922902494331064,90.004957180922,3.4709176313664676,1.6266713140261948,0.5811933494738277,0.7412003081999391,-0.6847088527694497,0.16694316474036183,0.2201450261288435,0.11189202953908836,0.07144090574466753
2023-04-23,6.57,G2,-213.0,decimal_scaling,manhattan,0.27623285677907433,84.37920643814167,3.475114900003329,1.2006014808353147,0.3726991224492513,0.6892328900206893,-0.2768677586895724,0.16767351439665348,0.2092786578774128,0.12197606315253373,0.06915546184143229
2023-04-23,6.57,G2,-213.0,none,manhattan,0.27623285677907433,84.37920643814167,3.4751149000033292,1.2006014808353147,0.37269912244925196,0.6892328900206892,-0.2768677586895724,0.16767351439665348,0.2092786578774128,0.12197606315253373,0.06915546184143227
2023-04-23,6.57,G2,-213.0,min_max,minkowski,0.2554003652743141,84.58618224876055,3.4899826815924824,1.303728682445362,0.6155364401388452,0.674864721191081,-0.38775510204081703,0.16775035101465507,0.16981183143315728,0.15538579067990832,0.0694934542686936
2023-04-23,6.57,G2,-213.0,z_score,minkowski,0.26576771967528195,85.854606985163,3.4571403736542203,1.335619474486986,0.4246645370627083,0.6920388291421149,-0.5730809674027347,0.16758737153716569,0.1862856780047231,0.13868092691622103,0.06906519393666706
2023-04-23,6.57,G2,-213.0,robust,minkowski,0.29154134381025115,89.71751318312872,3.3566049982423296,1.5226966051570272,0.7010757415518679,0.7064797068324082,-0.5770804911323332,0.16694621444305577,0.21912545904079894,0.11280875986758339,0.06759193516500267
2023-04-23,6.57,G2,-213.0,decimal_scaling,minkowski,0.29256369214352373,84.59522643087848,3.4325536294156564,1.6644513126816178,0.5004087798624239,0.704219997913321,-0.08935564257743049,0.16751543236063546,0.23527476852614168,0.1048637636872931,0.06766516020992398
2023-04-23,6.57,G2,-213.0,none,minkowski,0.29256369214352373,84.59522643087848,3.4325536294156564,1.6644513126816178,0.5004087798624244,0.704219997913321,-0.08935564257743049,0.16751543236063546,0.23527476852614168,0.1048637636872931,0.06766516020992402
2002-04-17,6.56,G3,-126.0,min_max,manhattan,0.4262280701754386,56.71553119196542,2.9335846658959723,1.6872996846651267,0.5440141235161138,0.467403926844429,-0.5074283963853575,0.21893995427452012,0.3645198005970065,0.10409356725146197,0.13167608338217685
2002-04-17,6.56,G3,-126.0,z_score,manhattan,0.3814160401002504,48.388378988287414,2.9201222200061117,1.640187021880576,0.5820944122117238,0.6182678868573313,-0.28051001821493593,0.22139395906268228,0.31181682429312146,0.1309941520467836,0.12271861408030596
2002-04-17,6.56,G3,-126.0,robust,manhattan,0.3857017543859651,48.7892721057324,2.9306179817531732,1.6872996846651267,0.6050626630455376,0.5976365440243194,-0.44776119402985104,0.22132416738703772,0.31974927760301564,0.1251461988304093,0.124201656694274
2002-04-17,6.56,G3,-126.0,decimal_scaling,manhattan,0.3959085213032582,51.61790071995756,2.934735605190454,1.5991095654034206,0.5008069046167691,0.5466497213446558,-0.340606404080476,0.22034624034183428,0.32461503151900756,0.12573099415204675,0.12566655412664923
2002-04-17,6.56,G3,-126.0,none,manhattan,0.3959085213032582,51.61790071995756,2.934735605190453,1.5991095654034206,0.5008069046167686,0.546649721344656,-0.340606404080476,0.22034624034183428,0.32461503151900756,0.12573099415204675,0.1256665541266492
2002-04-17,6.56,G3,-126.0,min_max,minkowski,0.438771929824561,59.64525050222491,2.935315254871266,1.6443646654347226,0.5272543774025106,0.42821895585881653,-0.5330127829248271,0.2181754241640678,0.37985688216222246,0.09824561403508772,0.13340629527472186
2002-04-17,6.56,G3,-126.0,z_score,minkowski,0.3651796157059314,48.14046840049753,2.9236874695392827,1.213212130511274,0.5310729975727986,0.6102669583320833,-0.3222866611433309,0.22160833165869315,0.28192289821155947,0.15292397660818713,0.12334827014980994
2002-04-17,6.56,G3,-126.0,robust,minkowski,0.3692982456140352,48.463355482518594,2.93177519306827,1.6518656026614322,0.6564868317371789,0.5906653213024213,-0.5481481481481479,0.22160544297782322,0.2905544671475425,0.14269005847953214,0.12422040467349257
2002-04-17,6.56,G3,-126.0,decimal_scaling,minkowski,0.38762531328320815,49.93498060226802,2.9357596851556,1.6302853180451415,0.33338894375560163,0.5717887040901674,-0.2724625623960064,0.22085901541597272,0.3164547702133901,0.13011695906432746,0.1240704510224594
2002-04-17,6.56,G3,-126.0,none,minkowski,0.38762531328320815,49.93498060226802,2.9357596851556,1.6302853180451415,0.33338894375560396,0.5717887040901675,-0.2724625623960064,0.22085901541597272,0.3164547702133901,0.13011695906432746,0.1240704510224595
2003-10-29,26.06,G5,-383.0,min_max,manhattan,0.31588363536415437,50.689725295162766,2.9895564889851185,1.13587978172687,0.5392528728197634,0.5940177799978826,-0.27548806941431664,0.21222934274163538,0.22452351292439954,0.1841991341991342,0.10783594065900566
2003-10-29,26.06,G5,-383.0,z_score,manhattan,0.3028966704291378,50.19004767047801,2.9988549727695517,0.8805118471308478,0.5995027663100657,0.6088861755770083,-0.4736842105263175,0.2124872222632148,0.2080208117070031,0.20216450216450219,0.10749031158024404
2003-10-29,26.06,G5,-383.0,robust,manhattan,0.3075226601200625,50.00622134241611,2.984165819666418,1.2934564703640619,0.665970655545515,0.6012365674562556,-0.10080645161290297,0.21249275101823697,0.21575616083706625,0.19155844155844157,0.106891436238684
2003-10-29,26.06,G5,-383.0,decimal_scaling,manhattan,0.3035838139734244,50.219780497167704,2.995885582874565,1.1321158149445851,0.5847813850336215,0.6122753975292599,-0.28947368421052755,0.2124465454107873,0.20708146796965393,0.20324675324675326,0.10728901693699232
2003-10-29,26.06,G5,-383.0,none,manhattan,0.3035838139734244,50.219780497167704,2.9958855828745645,1.1321158149445851,0.5847813850336194,0.6122753975292597,-0.28947368421052755,0.2124465454107873,0.20708146796965393,0.20324675324675326,0.10728901693699248
2003-10-29,26.06,G5,-383.0,min_max,minkowski,0.3146381876901354,50.699332716838214,2.9838660321414854,1.1650087846348125,0.5535966797413309,0.5957889539825217,-0.22993492407809013,0.21221974456564022,0.22175126676826434,0.18722943722943725,0.10735328865085215
2003-10-29,26.06,G5,-383.0,z_score,minkowski,0.3256253006253002,51.11541710358605,2.9844620887895394,1.507782528296295,0.6344686537681186,0.6022126320085959,-0.43181818181818205,0.21208424727296035,0.24030949676388824,0.16688311688311688,0.10908025843281043
2003-10-29,26.06,G5,-383.0,robust,minkowski,0.3106046550851744,50.220236112849776,2.9784153340105144,1.118427931924947,0.669339453598213,0.5904269826759353,-0.20430107526881622,0.21240782586910664,0.21902743902291252,0.18896103896103897,0.10793554831567592
2003-10-29,26.06,G5,-383.0,decimal_scaling,minkowski,0.29738816979076726,50.00739170084558,2.977958500087176,1.0789547750606459,0.5511746140581889,0.6043697606522033,-0.21543408360128546,0.21252342800139098,0.1957864716728783,0.21904761904761905,0.10655298837989235
2003-10-29,26.06,G5,-383.0,none,minkowski,0.29738816979076726,50.00739170084558,2.9779585000871767,1.0789547750606459,0.5511746140581869,0.6043697606522032,-0.21543408360128546,0.21252342800139098,0.1957864716728783,0.21904761904761905,0.10655298837989235
2003-11-20,6.58,G5,-422.0,min_max,manhattan,0.3496365914786971,47.505426779236494,2.935548241621508,1.4401974836716551,0.4960688916136057,0.5717014058627194,-0.5192107995846307,0.22203349686399215,0.26238992819349966,0.16549707602339178,0.12294045131226146
2003-11-20,6.58,G5,-422.0,z_score,manhattan,0.3275757575757575,45.713973572832906,2.9276761063900265,0.8902068631033345,0.43182842215368766,0.5608507902906836,-0.09917355371900792,0.22266121547836226,0.22917594968437535,0.2005847953216374,0.1191245788145869
2003-11-20,6.58,G5,-422.0,robust,manhattan,0.37624060150375876,48.740503330961154,2.92238570760306,1.640187021880576,0.6949600862097094,0.5615315554625279,-0.5074626865671645,0.22143594788923898,0.2997718272353202,0.13654970760233917,0.12488095911952642
2003-11-20,6.58,G5,-422.0,decimal_scaling,manhattan,0.35628237259816203,47.32158102916723,2.929874210362786,1.4083199348195528,0.6879278799514272,0.5690116143571039,-0.38305489260143194,0.22198660379682905,0.27089112651787517,0.1590643274853801,0.12182408542815341
2003-11-20,6.58,G5,-422.0,none,manhattan,0.35628237259816203,47.32158102916723,2.929874210362786,1.4083199348195528,0.687927879951428,0.5690116143571039,-0.38305489260143194,0.22198660379682905,0.27089112651787517,0.1590643274853801,0.12182408542815362
2003-11-20,6.58,G5,-422.0,min_max,minkowski,0.36189223057644104,48.55612582940372,2.9356714126006667,1.5436844709423063,0.4366256960456347,0.5548051318303224,-0.4765574823378291,0.22162531249221015,0.2785180347507435,0.15350877192982454,0.12482971397575002
2003-11-20,6.58,G5,-422.0,z_score,minkowski,0.336359649122807,46.3539525294551,2.928266876744117,1.3520873140497693,0.43781737177541336,0.5653899916167675,-0.3919413919413913,0.2224379344644322,0.24098729782651182,0.18625730994152045,0.12043308860961251
2003-11-20,6.58,G5,-422.0,robust,minkowski,0.3528279030910609,47.0444886905922,2.922415370093355,1.39042553154249,0.4424014878518612,0.5875158692364567,-0.40033500837520913,0.22208675343910617,0.2640936613715249,0.16286549707602338,0.12217329178183929
2003-11-20,6.58,G5,-422.0,decimal_scaling,minkowski,0.3395718462823727,46.56752115668797,2.9294755562012638,1.3498066287479273,0.5567547178407931,0.5798000663403766,-0.46623794212218655,0.22237636935556204,0.2502182198987989,0.17777777777777776,0.12032716557579556
2003-11-20,6.58,G5,-422.0,none,minkowski,0.3395718462823727,46.56752115668797,2.9294755562012638,1.3498066287479273,0.5567547178407959,0.5798000663403765,-0.46623794212218655,0.22237636935556204,0.2502182198987989,0.17777777777777776,0.12032716557579537
2004-11-09,8.12,G5,-383.0,min_max,manhattan,0.36325863678804865,41.75310965846601,2.8027542287911644,1.5085393299790586,0.4995706034807291,0.5781300492125283,-0.5291005291005291,0.23436177154485863,0.27055881790443237,0.17810457516339867,0.1347013363699894
2004-11-09,8.12,G5,-383.0,z_score,manhattan,0.3730625583566763,42.24108310651735,2.7974986208868056,1.6038859803627976,0.27553165023728365,0.5770950702218574,-0.4901610017889087,0.23412758915431237,0.28703694864983187,0.1633986928104575,0.13452716499745898
2004-11-09,8.12,G5,-383.0,robust,manhattan,0.3526247536051457,41.111267941962076,2.8183940357071102,1.3754556635560493,0.41969167061156404,0.5854226487851504,-0.25925925925926063,0.2346620507457482,0.2575029542304368,0.18995098039215688,0.13280303554260847
2004-11-09,8.12,G5,-383.0,decimal_scaling,manhattan,0.3748832866479925,42.9023324699473,2.8149894677355243,1.4675774269545383,0.4307793857274636,0.5688580509047747,-0.6332882273342358,0.23388203020088794,0.2811219498719499,0.1678921568627451,0.13666039371021899
2004-11-09,8.12,G5,-383.0,none,manhattan,0.3748832866479925,42.9023324699473,2.8149894677355234,1.4675774269545383,0.4307793857274623,0.5688580509047746,-0.6332882273342358,0.23388203020088794,0.2811219498719499,0.1678921568627451,0.136660393710219
2004-11-09,8.12,G5,-383.0,min_max,minkowski,0.3532135076252724,41.79333285064705,2.8027852789931607,1.0501414734774521,0.4839939011039075,0.5722222010233216,-0.44067796610169496,0.23439651532562683,0.24979408994344382,0.19771241830065361,0.13437818584998384
2004-11-09,8.12,G5,-383.0,z_score,minkowski,0.3515691461769894,42.499431878633445,2.798934356563832,1.1634297094389021,0.4689546162275704,0.5491182140200166,-0.5042424242424248,0.23412965689129164,0.23596629920177914,0.2124183006535948,0.13716108881918984
2004-11-09,8.12,G5,-383.0,robust,minkowski,0.3583437078535117,41.80316158661097,2.817795579307526,1.4169018181611517,0.5245426701826325,0.5572291928095827,-0.40866290018832413,0.23437178631587396,0.2619220736424038,0.18586601307189543,0.13471535563933024
2004-11-09,8.12,G5,-383.0,decimal_scaling,minkowski,0.3680620396306672,42.75279353405982,2.817310387536931,1.328216641425208,0.4887914999800876,0.5606371382120449,-0.47909604519774085,0.2339666154299128,0.2712237494438431,0.17769607843137256,0.1364544437383898
2004-11-09,8.12,G5,-383.0,none,minkowski,0.3680620396306672,42.75279353405982,2.817310387536931,1.328216641425208,0.4887914999800885,0.560637138212045,-0.47909604519774085,0.2339666154299128,0.2712237494438431,0.17769607843137256,0.13645444373838972
2005-01-21,11.26,G4,-101.0,min_max,manhattan,0.3356564812705165,43.85890002711649,2.822410911856186,0.9848613156745193,0.5810095260621755,0.6109903468079738,-0.3795620437956209,0.22830864832542264,0.23153857181250967,0.2060543515651875,0.12349469382975771
2005-01-21,11.26,G4,-101.0,z_score,manhattan,0.32628604339130673,43.6163198826399,2.7741610744526968,1.0083050251953956,0.5675550320574618,0.617466167711165,-0.40803382663847687,0.22844381640011938,0.217411730253774,0.22325421396628828,0.12083220325189438
2005-01-21,11.26,G4,-101.0,robust,manhattan,0.32520927740226,42.71134166302846,2.7548471496562574,1.189195381254696,0.42718844576758774,0.5823600299005676,-0.1764705882352958,0.2288054734108708,0.22711012155577553,0.2129342965256278,0.11865954700626882
2005-01-21,11.26,G4,-101.0,decimal_scaling,manhattan,0.337619511742319,42.965585798290846,2.8618282799087873,1.428732395357239,0.6950797733827088,0.5279012863685245,-0.067796610169492,0.22864069410546572,0.24904286916686907,0.1888544891640867,0.1250092778568781
2005-01-21,11.26,G4,-101.0,none,manhattan,0.337619511742319,42.965585798290846,2.861828279908787,1.428732395357239,0.6950797733827091,0.5279012863685246,-0.067796610169492,0.22864069410546572,0.24904286916686907,0.1888544891640867,0.12500927785687815
2005-01-21,11.26,G4,-101.0,min_max,minkowski,0.3369421027315767,43.584723620337236,2.8250064068134964,0.9048872059800309,0.5756711272259343,0.5885597740333878,-0.4794520547945201,0.22842123542708062,0.23733740129616943,0.1998624011007912,0.12435634862349783
2005-01-21,11.26,G4,-101.0,z_score,minkowski,0.3316513084056947,43.59597545316151,2.7681278656719144,0.9488064920669734,0.5422310338156435,0.6052883247486158,-0.4841437632135307,0.22846151392315808,0.22900481772307138,0.2108703130374957,0.12206810392713295
2005-01-21,11.26,G4,-101.0,robust,minkowski,0.3230930862509812,42.934489167177965,2.7448706293143172,1.1018115034355778,0.5611209680142387,0.599622917666415,-0.2966101694915262,0.22871837797666994,0.21769531272301149,0.2239422084623323,0.1176443211637782
2005-01-21,11.26,G4,-101.0,decimal_scaling,minkowski,0.33680729601782256,43.16860770090374,2.865244683074663,1.276922612879179,0.6823733986381316,0.5630478632050019,-0.23193916349809904,0.22856673161578345,0.24370503850210584,0.19367045063639493,0.12503296417126578
2005-01-21,11.26,G4,-101.0,none,minkowski,0.33680729601782256,43.16860770090374,2.865244683074663,1.276922612879179,0.682373398638131,0.5630478632050018,-0.23193916349809904,0.22856673161578345,0.24370503850210584,0.19367045063639493,0.1250329641712658
2005-05-14,0.0,Unknown,0.0,min_max,manhattan,0.3609881184442589,44.11606136769933,2.8250223744411485,1.4199427774041005,0.5095870794390657,0.5889515202201747,-0.21568627450980402,0.22803744200321074,0.2782850421711281,0.16271069831441348,0.12469618330412577
2005-05-14,0.0,Unknown,0.0,z_score,manhattan,0.3713659147869674,46.41668507473145,2.805788694443261,1.4248980062205907,0.47524587852457867,0.6127602968856252,-0.6201191264063534,0.22733180742457793,0.28379004489672977,0.15789473684210525,0.12878446404740396
2005-05-14,0.0,Unknown,0.0,robust,manhattan,0.3792815371762742,46.343202113612605,2.8362534559517116,1.654824750981024,0.5181720971808436,0.5894822504271908,-0.42857142857142844,0.22719297022354384,0.29956421933147315,0.1475748194014448,0.12913290205959418
2005-05-14,0.0,Unknown,0.0,decimal_scaling,manhattan,0.32723285486443393,43.12813479431529,2.871055336844978,1.1405588627190721,0.5998385300482452,0.5635160475624909,-0.4641148325358848,0.22862201524962503,0.22127526883357063,0.21843825249398002,0.1251573503055909
2005-05-14,0.0,Unknown,0.0,none,manhattan,0.32723285486443393,43.12813479431529,2.871055336844978,1.1405588627190721,0.5998385300482487,0.5635160475624911,-0.4641148325358848,0.22862201524962503,0.22127526883357063,0.21843825249398002,0.1251573503055907
2005-05-14,0.0,Unknown,0.0,min_max,minkowski,0.3485658590921749,43.636258381619086,2.828402269229692,1.174973492655788,0.5066552757301838,0.5926356512128828,-0.23287671232876705,0.22830881295619176,0.25952015579001486,0.17922256621947025,0.12373481356470943
2005-05-14,0.0,Unknown,0.0,z_score,minkowski,0.37669869117237537,45.741399708037356,2.8145064491362666,1.5065112326202654,0.4601882248262514,0.593039898461474,-0.4970645792563603,0.2274000539622528,0.2939935871767874,0.1503267973856209,0.12811028674581681
2005-05-14,0.0,Unknown,0.0,robust,minkowski,0.3743107769423559,45.496406634496736,2.835326148106627,1.5806361596728904,0.4976898782997155,0.609303164918168,-0.495327102803738,0.2275252500066652,0.29503842149368115,0.1496388028895769,0.1278471923379414
2005-05-14,0.0,Unknown,0.0,decimal_scaling,minkowski,0.32305616735441306,43.3405269957304,2.874954631708197,1.0962139987569046,0.5802301434818298,0.5801499830793182,-0.5624999999999984,0.22856443803009183,0.21044980393780918,0.23219814241486064,0.12547904888035086
2005-05-14,0.0,Unknown,0.0,none,minkowski,0.32305616735441306,43.3405269957304,2.8749546317081975,1.0962139987569046,0.5802301434818298,0.5801499830793182,-0.5624999999999984,0.22856443803009183,0.21044980393780918,0.23219814241486064,0.12547904888035105
2005-08-24,7.16,G4/G5,-216.0,min_max,manhattan,0.3311678880306333,40.421462681213214,2.8139733848219057,1.086681723902286,0.6422656385396385,0.5724619661507225,-0.298611111111113,0.23507219081045505,0.22633633364479877,0.22589869281045752,0.1311135806238239
2005-08-24,7.16,G4/G5,-216.0,z_score,manhattan,0.35829442888266416,41.28549642716964,2.8050721014707025,1.55470519745252,0.7505413240861996,0.5895899960398996,-0.5773195876288679,0.23462105801898156,0.27198748651033516,0.17728758169934639,0.13224174135378164
2005-08-24,7.16,G4/G5,-216.0,robust,manhattan,0.36680412905903104,42.55243350532784,2.7928073838905396,1.3394864877921844,0.5529350614965372,0.61416867167763,-0.4012121212121219,0.23400362689884258,0.26902581977837364,0.18137254901960784,0.13275943957272013
2005-08-24,7.16,G4/G5,-216.0,decimal_scaling,manhattan,0.3696337794377012,42.34940526284023,2.8262979671998845,1.3238561808204368,0.2922205645952317,0.5446156302790799,-0.3366093366093372,0.2340754697857739,0.2807594553439229,0.1719771241830065,0.13603794933564958
2005-08-24,7.16,G4/G5,-216.0,none,manhattan,0.3696337794377012,42.34940526284023,2.826297967199885,1.3238561808204368,0.2922205645952317,0.5446156302790797,-0.3366093366093372,0.2340754697857739,0.2807594553439229,0.1719771241830065,0.1360379493356497
2005-08-24,7.16,G4/G5,-216.0,min_max,minkowski,0.3699657640834112,41.61425208293042,2.8155525185246217,1.6199290030066185,0.610398675657231,0.5570351920164048,-0.24838012958963293,0.23436036001505448,0.2909611929567081,0.16339869281045752,0.13346355371036533
2005-08-24,7.16,G4/G5,-216.0,z_score,minkowski,0.36286959228135707,41.54000932845892,2.8072321153795983,1.55470519745252,0.7455884019418959,0.598590204056151,-0.45983379501385047,0.23446391778668138,0.2767631909917441,0.17361111111111108,0.13284901869109547
2005-08-24,7.16,G4/G5,-216.0,robust,minkowski,0.37675070028011226,43.954688440873355,2.7962377196279147,1.4835315215812028,0.7016936383040175,0.5908761345073108,-0.5673758865248234,0.233520779365849,0.27974011095704077,0.17156862745098037,0.13694172020606854
2005-08-24,7.16,G4/G5,-216.0,decimal_scaling,minkowski,0.3422891378773734,41.528295316137864,2.827083054759674,1.1127306089539848,0.4985534337913167,0.5446576653192513,-0.5421166306695463,0.23458161474286568,0.23233190021162597,0.21650326797385622,0.13446162001862363
2005-08-24,7.16,G4/G5,-216.0,none,minkowski,0.3422891378773734,41.528295316137864,2.827083054759674,1.1127306089539848,0.49855343379132044,0.5446576653192512,-0.5421166306695463,0.23458161474286568,0.23233190021162597,0.21650326797385622,0.1344616200186236
2005-09-10,0.0,Unknown,0.0,min_max,manhattan,0.3658671802054157,38.8230180074091,2.6724334610718596,1.3723075612101412,0.5867603718211176,0.5596175507278339,-0.3333333333333333,0.24141605681506817,0.2706842260889811,0.19117647058823528,0.13720464828270107
2005-09-10,0.0,Unknown,0.0,z_score,manhattan,0.37844304388422045,39.514734358831625,2.6517631254144343,1.3522194281104096,0.48249383081022806,0.5829926920688714,-0.40350877192982454,0.2410280020208101,0.28600867538317765,0.17745098039215687,0.13571143466842975
2005-09-10,0.0,Unknown,0.0,robust,manhattan,0.35894316059757264,38.822787112708646,2.7217303269718998,1.185543917902172,0.6259859621522498,0.5863236938305206,-0.3333333333333333,0.2414328125510864,0.25356980140180435,0.2088235294117647,0.1383641882060806
2005-09-10,0.0,Unknown,0.0,decimal_scaling,manhattan,0.36243580765639605,38.81272103171401,2.7495172901761027,1.3305164165281944,0.5222367173300371,0.549361507450512,-0.44,0.2414726685954342,0.26694874778918926,0.19509803921568625,0.1411750811649761
2005-09-10,0.0,Unknown,0.0,none,manhattan,0.36243580765639605,38.81272103171401,2.7495172901761027,1.3305164165281944,0.5222367173300357,0.549361507450512,-0.44,0.2414726685954342,0.26694874778918926,0.19509803921568625,0.14117508116497596
2005-09-10,0.0,Unknown,0.0,min_max,minkowski,0.33935043714455504,37.93931410679053,2.68638627662247,0.8473049143211807,0.6600695818512338,0.5573955571705049,-0.037037037037037035,0.24194613920879207,0.2314645642265599,0.2372549019607843,0.13495865784025562
2005-09-10,0.0,Unknown,0.0,z_score,minkowski,0.3724760737628386,39.71847771050749,2.6494164964803573,1.3135883331272986,0.4565341285495225,0.5618086123803097,-0.5433070866141733,0.24101040131335652,0.27199453093393666,0.19019607843137254,0.13674632458965802
2005-09-10,0.0,Unknown,0.0,robust,minkowski,0.33215850734233116,38.141646540730676,2.7094459875729138,0.9060893114778594,0.5548285880049246,0.5964308330645771,-0.3989071038251366,0.24189916929417657,0.21360495429510404,0.2588235294117647,0.1359919362358052
2005-09-10,0.0,Unknown,0.0,decimal_scaling,minkowski,0.3698937908496733,39.47421720779733,2.7349557833157503,1.3995925179065851,0.42400312903083015,0.5532378555936772,-0.5838383838383838,0.24117733077210168,0.2740930074651531,0.18823529411764706,0.14194784574886715
2005-09-10,0.0,Unknown,0.0,none,minkowski,0.3698937908496733,39.47421720779733,2.73495578331575,1.3995925179065851,0.4240031290308315,0.5532378555936772,-0.5838383838383838,0.24117733077210168,0.2740930074651531,0.18823529411764706,0.14194784574886732
2006-12-14,9.29,G4,-146.0,min_max,manhattan,0.39427521008403354,41.26885699489252,2.733309742896114,1.371281114887892,0.7056845222047996,0.5483356502765908,-0.4810126582278481,0.24029460468845965,0.30723775007347454,0.16176470588235295,0.1439347894891073
2006-12-14,9.29,G4,-146.0,z_score,manhattan,0.39762780112044815,41.74350298923641,2.709078852520576,1.4026723509014103,0.8506747234344996,0.5701228093671885,-0.5168195718654435,0.24003816949407894,0.302782277016143,0.16470588235294117,0.14585834092757985
2006-12-14,9.29,G4,-146.0,robust,manhattan,0.3969012605042016,40.44275997631172,2.656593741202274,1.5500443359457778,0.5843531882433001,0.5746214958219921,-0.5094339622641509,0.2405248614854211,0.3124330947597245,0.15490196078431373,0.14188975909179713
2006-12-14,9.29,G4,-146.0,decimal_scaling,manhattan,0.35153796367031687,39.026726615864064,2.761914232572947,0.9730554768431693,0.598226148643801,0.5436050974428359,-0.5421686746987951,0.24144085253044156,0.23901196039415892,0.22450980392156863,0.14138706577099291
2006-12-14,9.29,G4,-146.0,none,manhattan,0.35153796367031687,39.026726615864064,2.7619142325729467,0.9730554768431693,0.5982261486438021,0.5436050974428359,-0.5421686746987951,0.24144085253044156,0.23901196039415892,0.22450980392156863,0.14138706577099303
2006-12-14,9.29,G4,-146.0,min_max,minkowski,0.37862686741363216,40.026678719538005,2.738912243442056,1.2658340264774526,0.79523098852967,0.5621201864940547,-0.43346508563899866,0.24086467250077473,0.2857917505629306,0.1784313725490196,0.14218121022810376
2006-12-14,9.29,G4,-146.0,z_score,minkowski,0.3718253968253969,39.55714051175731,2.7169158464675083,1.305016759076964,0.824565692093603,0.5524638607627171,-0.32525252525252524,0.24102241857491769,0.270773552399513,0.19117647058823528,0.14116588968862315
2006-12-14,9.29,G4,-146.0,robust,minkowski,0.39613095238095225,41.88936883572879,2.662547151227125,1.4790539611844622,0.5867189148525712,0.547069601149877,-0.6331542594013815,0.2400698888407126,0.2993443929099123,0.16470588235294117,0.1461941811360323
2006-12-14,9.29,G4,-146.0,decimal_scaling,minkowski,0.3478262138188611,38.55844891433198,2.7644443906057754,1.178229691651116,0.5708288879277972,0.5770911154077042,-0.5930735930735931,0.2416657520223027,0.23929371253812867,0.22352941176470587,0.14032784306850835
2006-12-14,9.29,G4,-146.0,none,minkowski,0.3478262138188611,38.55844891433198,2.7644443906057754,1.178229691651116,0.5708288879278032,0.5770911154077041,-0.5930735930735931,0.2416657520223027,0.23929371253812867,0.22352941176470587,0.1403278430685084
2011-10-24,6.01,G3,-137.0,min_max,manhattan,0.26458980088012274,72.11707295819828,3.321481455351088,1.369582606549061,0.7254864342501014,0.6630319587807789,-0.20567375886524814,0.17876939069721376,0.18295870266161593,0.16143863552094917,0.07565054981679344
2011-10-24,6.01,G3,-137.0,z_score,manhattan,0.29628140079752935,78.93343646688568,3.362220058281336,1.4201582039619718,0.6332622665151822,0.6854521366769084,-0.5525773195876285,0.17744829409485172,0.20650034951973165,0.1372636262513904,0.08068479264284899
2011-10-24,6.01,G3,-137.0,robust,manhattan,0.32745349035671606,87.0469478128228,3.3525575773676937,1.5123614512223327,0.8854330605647844,0.6092828827988017,-0.44507893852872,0.17611055917875243,0.24720035657018807,0.11116054875787913,0.08468440234897526
2011-10-24,6.01,G3,-137.0,decimal_scaling,manhattan,0.28654097396032785,75.90686871200154,3.383299955594954,1.1401337308774562,0.6507357126599819,0.6765943601332782,-0.3091922005571025,0.1779103039654492,0.19883793878354203,0.1489803485354097,0.07946974917337209
2011-10-24,6.01,G3,-137.0,none,manhattan,0.28654097396032785,75.90686871200154,3.3832999555949548,1.1401337308774562,0.6507357126599803,0.6765943601332782,-0.3091922005571025,0.1779103039654492,0.19883793878354203,0.1489803485354097,0.07946974917337207
2011-10-24,6.01,G3,-137.0,min_max,minkowski,0.2703656379462822,72.58609781746816,3.3474220810636584,1.4574132275043614,0.6771114901739497,0.668545367225623,-0.22509960159362577,0.178644395395926,0.18856700026201093,0.15535780496848348,0.07682041908565214
2011-10-24,6.01,G3,-137.0,z_score,minkowski,0.2870758273984072,76.25412655912703,3.3039184924672345,1.2202873445240425,0.5886281549626212,0.6752695142114461,-0.42385100630820066,0.17791679748559577,0.2010485552119674,0.1431961438635521,0.07725260334083911
2011-10-24,6.01,G3,-137.0,robust,minkowski,0.3146979006656419,80.7173906766589,3.1971948793199383,1.5826967170224149,0.6031613745566413,0.6868931753923115,-0.38559924206537194,0.17709354612228645,0.24235188325293852,0.11412680756395996,0.0766376222905533
2011-10-24,6.01,G3,-137.0,decimal_scaling,minkowski,0.2761591037397481,74.72273746920278,3.245446761342492,1.2680074541720447,0.4849686186759433,0.6829890519088514,-0.3927048792041685,0.17819796643035454,0.18427895567425376,0.1596588802373007,0.07712677482557447
2011-10-24,6.01,G3,-137.0,none,minkowski,0.2761591037397481,74.72273746920278,3.2454467613424924,1.2680074541720447,0.48496861867594254,0.6829890519088514,-0.3927048792041685,0.17819796643035454,0.18427895567425376,0.1596588802373007,0.07712677482557445
2012-03-08,10.4,G3/G4,-148.0,min_max,manhattan,0.27362362100265253,75.13355919563118,3.4009582798801556,1.3157530959633528,0.6943245584414759,0.6791310546927017,-0.23451327433628386,0.17579554780201467,0.2001822268308897,0.13998655913978494,0.07460050071083435
2012-03-08,10.4,G3/G4,-148.0,z_score,manhattan,0.32767857142857143,82.02214402934108,3.385771038689461,1.9894675123013825,0.5934430357881997,0.687038891859149,-0.40395317597390207,0.17429722629979325,0.2696353534544248,0.09516129032258064,0.07797480629308524
2012-03-08,10.4,G3/G4,-148.0,robust,manhattan,0.29478693909137343,77.61193803711832,3.3941168299233118,1.333914442781996,0.5767891277120611,0.693121879812611,-0.2617717478052672,0.1752166668611787,0.2247906022490216,0.12090053763440861,0.07576188458776198
2012-03-08,10.4,G3/G4,-148.0,decimal_scaling,manhattan,0.26487825570486734,74.39902503129639,3.416942292877116,1.1213496373849474,0.6035032808544165,0.6797800608044632,-0.19908987485779536,0.17596554227769973,0.18988019466098738,0.15067204301075265,0.07482438182417922
2012-03-08,10.4,G3/G4,-148.0,none,manhattan,0.26487825570486734,74.39902503129639,3.4169422928771156,1.1213496373849474,0.6035032808544145,0.6797800608044632,-0.19908987485779536,0.17596554227769973,0.18988019466098738,0.15067204301075265,0.07482438182417936
2012-03-08,10.4,G3/G4,-148.0,min_max,minkowski,0.26800267944421063,75.09164684012768,3.402713288481443,1.4849683496527195,0.721701131967555,0.6817457259398451,-0.3259587020648969,0.1758423686550537,0.19266197155108597,0.1469758064516129,0.07487046646389989
2012-03-08,10.4,G3/G4,-148.0,z_score,minkowski,0.3352966589861746,84.0426989522575,3.387614777599136,2.0151125008534305,0.5392385010478353,0.6857188248402034,-0.41172245367044996,0.17392920828983915,0.2775582569011559,0.09153225806451613,0.07854966567164208
2012-03-08,10.4,G3/G4,-148.0,robust,minkowski,0.30955501152073667,80.12026145338965,3.3938237843544012,1.7464991124601652,0.7041533797371875,0.6985273557870646,-0.36859979101358475,0.17470410493410216,0.2400236699133173,0.11028225806451614,0.07688308861805873
2012-03-08,10.4,G3/G4,-148.0,decimal_scaling,minkowski,0.2643437207953328,74.64302933925416,3.417019880102075,1.1020013583829065,0.5462208412845151,0.6739860075337001,-0.15065502183406204,0.1758988337017422,0.18588915852644644,0.15443548387096775,0.07477712428598934
2012-03-08,10.4,G3/G4,-148.0,none,minkowski,0.2643437207953328,74.64302933925416,3.417019880102076,1.1020013583829065,0.5462208412845136,0.6739860075337002,-0.15065502183406204,0.1758988337017422,0.18588915852644644,0.15443548387096775,0.07477712428598937
2012-07-14,6.7,G4,-139.0,min_max,manhattan,0.24333098274274678,81.68195903238365,3.4857780675071486,1.4709398940879235,0.36357477725072634,0.6862912371213715,-0.2165725047080976,0.16823701061371074,0.15963532336112962,0.16689584924879042,0.06842343242564637
2012-07-14,6.7,G4,-139.0,z_score,manhattan,0.29715922732729344,88.79861969861317,3.4651411591678225,1.6144130721373133,0.39255132373374413,0.7061372221800415,-0.35381114903299254,0.166826294692314,0.2216416875264601,0.1131143366437484,0.07143385582976876
2012-07-14,6.7,G4,-139.0,robust,manhattan,0.29317672523554705,87.35466877184484,3.4454230071104233,1.403189042281271,0.4148632339222522,0.7255094035851813,-0.40285649512582195,0.16715547107481082,0.22514346070676095,0.10975299210593327,0.06968307130976187
2012-07-14,6.7,G4,-139.0,decimal_scaling,manhattan,0.25592523722775745,83.7803759255704,3.4606159729491828,1.3465543307949002,0.47212978681910717,0.6936207242486464,-0.38711172925359444,0.16785824976124178,0.17106177808539613,0.15416348357524826,0.06860635599617165
2012-07-14,6.7,G4,-139.0,none,manhattan,0.25592523722775745,83.7803759255704,3.4606159729491837,1.3465543307949002,0.47212978681910683,0.6936207242486466,-0.38711172925359444,0.16785824976124178,0.17106177808539613,0.15416348357524826,0.06860635599617161
2012-07-14,6.7,G4,-139.0,min_max,minkowski,0.25205281180071065,81.69319919691561,3.4858634877171095,1.4732091309147077,0.3363963310079666,0.6886872072194525,-0.18455743879472758,0.16822436641090965,0.17811123146171878,0.14693149987267634,0.06831809577907558
2012-07-14,6.7,G4,-139.0,z_score,minkowski,0.30424072659366685,91.93675197632291,3.4635280249679368,1.5589144812111904,0.3990437999572172,0.717093866480363,-0.3962793962793962,0.16636223168307923,0.22657669011395712,0.11046600458365163,0.07159886020722951
2012-07-14,6.7,G4,-139.0,robust,minkowski,0.3023450592358134,88.8990600297185,3.4413585133962385,1.436158920015832,0.5201329857362197,0.680783422909573,-0.42933231881301115,0.1668695486850582,0.2348735798729683,0.10384517443340972,0.07030541034045405
2012-07-14,6.7,G4,-139.0,decimal_scaling,minkowski,0.2632312412144333,84.50301376282655,3.449339214154034,1.2530632090999778,0.5397757500924656,0.6910945999771169,-0.443736730360934,0.1677497719985703,0.1835529390125508,0.14224598930481286,0.06837598687458196
2012-07-14,6.7,G4,-139.0,none,minkowski,0.2632312412144333,84.50301376282655,3.4493392141540338,1.2530632090999778,0.5397757500924665,0.6910945999771169,-0.443736730360934,0.1677497719985703,0.1835529390125508,0.14224598930481286,0.06837598687458175
2015-06-22,8.57,G4,-198.0,min_max,manhattan,0.2765806390806387,91.32245663169255,3.545660659675098,1.3951576336280327,0.6960469603706495,0.6860496696991696,-0.19803600654664483,0.16270470100611112,0.20613736507974842,0.1166023166023166,0.06663026739925951
2015-06-22,8.57,G4,-198.0,z_score,manhattan,0.2927809302809294,95.71540675768046,3.51211834259782,1.4341436409896584,0.4055014665544694,0.7158247600035567,-0.4294541709577759,0.162149209483321,0.22351856639601334,0.1039039039039039,0.06729827805716675
2015-06-22,8.57,G4,-198.0,robust,manhattan,0.3184434434434409,99.87501269483555,3.514846058728117,1.9754883227497395,0.5254678079432572,0.7208996806925353,-0.4284120787188275,0.16144249706219008,0.2615905612527289,0.08502788502788503,0.06807753323017983
2015-06-22,8.57,G4,-198.0,decimal_scaling,manhattan,0.28131367298034043,92.70364324654037,3.4230199094758857,1.3352667746451454,0.566796556066346,0.7121917801687673,-0.3919636087945423,0.16254006145713085,0.21359368294328887,0.11222651222651221,0.06436457494271054
2015-06-22,8.57,G4,-198.0,none,manhattan,0.28131367298034043,92.70364324654037,3.4230199094758853,1.3352667746451454,0.5667965560663464,0.7121917801687673,-0.3919636087945423,0.16254006145713085,0.21359368294328887,0.11222651222651221,0.06436457494271057
2015-06-22,8.57,G4,-198.0,min_max,minkowski,0.25320974487641085,88.08119771250202,3.5438495116299666,1.1940085569740244,0.581253959655262,0.6921458424773617,-0.37474541751527585,0.16333740914526598,0.18012221608390896,0.13813813813813813,0.06552232198624493
2015-06-22,8.57,G4,-198.0,z_score,minkowski,0.31175818675818623,96.39643728417656,3.5127874668752126,1.997736274320646,0.38211797523873575,0.7185875756480946,-0.45333333333333287,0.1619299639799352,0.2544531248250381,0.08725868725868725,0.06736916703205335
2015-06-22,8.57,G4,-198.0,robust,minkowski,0.303605499438831,100.45951029243844,3.5163521453069393,1.5055430174816538,0.48013272398638057,0.7019159257185261,-0.45961575531709814,0.1615986587544851,0.2376925903453329,0.09755469755469756,0.06829804422500739
2015-06-22,8.57,G4,-198.0,decimal_scaling,minkowski,0.273757090423757,90.14177070041085,3.422052691320816,1.6766223398993099,0.5132488444077264,0.7168899894529395,-0.3738317757009351,0.16298616372715016,0.21068755890571922,0.11334191334191335,0.06289552194335363
2015-06-22,8.57,G4,-198.0,none,minkowski,0.273757090423757,90.14177070041085,3.4220526913208156,1.6766223398993099,0.5132488444077269,0.7168899894529395,-0.3738317757009351,0.16298616372715016,0.21068755890571922,0.11334191334191335,0.06289552194335371
2017-09-07,6.41,G4,-144.0,min_max,manhattan,0.2749749749749754,89.10704424047871,3.5459261244580427,1.7967583615831415,0.4395507900886651,0.6923122695506975,-0.32923076923077066,0.1631175391180661,0.21638015940185934,0.10922350922350925,0.06587587845788713
2017-09-07,6.41,G4,-144.0,z_score,manhattan,0.31081259831259705,94.567520313542,3.5186257674499313,1.974823063789702,0.46866566943349924,0.6900096805931697,-0.23225030084235898,0.16205291554614043,0.25960344977957905,0.08648648648648648,0.06671801677119941
2017-09-07,6.41,G4,-144.0,robust,manhattan,0.30377222460555736,96.77494780493686,3.52221446732121,1.6556811470189303,0.6457271124559265,0.6903027392875648,-0.4437358123446115,0.16194109452337557,0.2408091949007754,0.09455169455169456,0.0682099009182194
2017-09-07,6.41,G4,-144.0,decimal_scaling,manhattan,0.2674141674141668,89.05299009502652,3.4246781111530997,1.4014064327444344,0.5476195087673617,0.6922949097486546,-0.38683788121990403,0.1631507752811348,0.20283831441567174,0.11917631917631916,0.06276592258930015
2017-09-07,6.41,G4,-144.0,none,manhattan,0.2674141674141668,89.05299009502652,3.4246781111530997,1.4014064327444344,0.547619508767364,0.6922949097486545,-0.38683788121990403,0.1631507752811348,0.20283831441567174,0.11917631917631916,0.06276592258930022
2017-09-07,6.41,G4,-144.0,min_max,minkowski,0.2685036226702886,88.84507323051454,3.5454644201598464,1.6821995366456166,0.4646745895311867,0.6715090067790913,-0.3403480372318902,0.16318040622267793,0.20374793819861384,0.11728871728871729,0.06577586082833145
2017-09-07,6.41,G4,-144.0,z_score,minkowski,0.3062103770437092,94.19012866128992,3.5174683991416673,1.7768171354758335,0.5368597074786373,0.705692560984133,-0.23916913946587573,0.1621247547367259,0.25149963667970077,0.0905190905190905,0.06687435502910338
2017-09-07,6.41,G4,-144.0,robust,minkowski,0.2981886648553313,95.06941653620261,3.521850305767687,1.8100365071693552,0.6983343927464327,0.7014469311280161,-0.4541735906941075,0.16221670376074848,0.2390967488274039,0.096010296010296,0.06791496917375087
2017-09-07,6.41,G4,-144.0,decimal_scaling,minkowski,0.28172577339243937,90.8073223326397,3.4241575687470602,1.634276667309023,0.7268972621833261,0.6944671481713639,-0.2612011439466169,0.162789616602568,0.22100282932690896,0.1075075075075075,0.06316613603618122
2017-09-07,6.41,G4,-144.0,none,minkowski,0.28172577339243937,90.8073223326397,3.4241575687470602,1.634276667309023,0.7268972621833272,0.6944671481713638,-0.2612011439466169,0.162789616602568,0.22100282932690896,0.1075075075075075,0.06316613603618122
2021-11-03,9.68,G3,-117.0,min_max,manhattan,0.24763576070394208,77.5180231704026,3.4269638024869415,1.13331942339415,0.7062645386716354,0.6683353356403615,-0.46153846153846156,0.17319485547853603,0.1588990047730161,0.17876344086021503,0.07337426268370473
2021-11-03,9.68,G3,-117.0,z_score,manhattan,0.2828677740609551,81.00608218526538,3.4145921615124557,1.1730025323602202,0.8443862981140925,0.6794819476294316,-0.4379977246871445,0.17247845316306146,0.2072575498676331,0.13013196480938416,0.0740198602122151
2021-11-03,9.68,G3,-117.0,robust,manhattan,0.2617732961482955,78.71150938470785,3.4228090261128994,1.25259962408442,0.4457906184341247,0.6783901189700774,-0.3155080213903743,0.17295898328370365,0.1811401752150657,0.1539589442815249,0.07266689418805128
2021-11-03,9.68,G3,-117.0,decimal_scaling,manhattan,0.2793389112991382,78.13901204215959,3.4072880191498807,1.3351644001358705,0.6057755088339373,0.6650120084927904,-0.17333333333333334,0.1729397437150651,0.21136504599414074,0.12695503421309873,0.07213971884513093
2021-11-03,9.68,G3,-117.0,none,manhattan,0.2793389112991382,78.13901204215959,3.4072880191498807,1.3351644001358705,0.6057755088339369,0.6650120084927903,-0.17333333333333334,0.1729397437150651,0.21136504599414074,0.12695503421309873,0.07213971884513098
2021-11-03,9.68,G3,-117.0,min_max,minkowski,0.25515791027154616,78.00743284901907,3.424924482187167,1.173867256019702,0.703741404435535,0.6693318174318801,-0.4131054131054131,0.17306910882118448,0.16810135360189263,0.16715542521994137,0.07366013618176483
2021-11-03,9.68,G3,-117.0,z_score,minkowski,0.2780813410074763,80.40905996607299,3.4100243635575076,1.495122522127793,0.5982387573009699,0.6823241195363934,-0.4972677595628415,0.17261650153534053,0.20078408684765883,0.13477517106549364,0.07363600479346481
2021-11-03,9.68,G3,-117.0,robust,minkowski,0.26420146036623227,78.61947397928175,3.419453214351342,1.3883843955799735,0.412441486965711,0.6959063332555373,-0.32413793103448274,0.17294075545482435,0.1827359998340095,0.15163734115347022,0.07227918644019163
2021-11-03,9.68,G3,-117.0,decimal_scaling,minkowski,0.2584265376879007,78.05074597685635,3.398010576333727,1.1019236489289006,0.5292692615024511,0.693231829578206,-0.3634085213032581,0.17305549736161416,0.17577877689861274,0.15921309872922776,0.07159108149336402
2021-11-03,9.68,G3,-117.0,none,minkowski,0.2584265376879007,78.05074597685635,3.3980105763337276,1.1019236489289006,0.5292692615024503,0.6932318295782061,-0.3634085213032581,0.17305549736161416,0.17577877689861274,0.15921309872922776,0.07159108149336413
2001-04-08,6.68,G3,-100.0,min_max,manhattan,0.3665188297541239,43.87890568640722,2.8149441670163458,1.322618425670557,0.6365236467979606,0.5568190673390337,-0.6517730496453903,0.23366061358829246,0.25791291270119693,0.18995098039215685,0.13788822449873417
2001-04-08,6.68,G3,-100.0,z_score,manhattan,0.4019607843137254,45.09958937115006,2.814569788378986,1.5039997825900533,0.7037465060691152,0.5364675064616505,-0.7034529451591068,0.23295238194959408,0.3176518809296628,0.14133986928104578,0.14041153570803028
2001-04-08,6.68,G3,-100.0,robust,manhattan,0.4604575163398689,52.54897885500919,2.808074823530848,1.4196846178052913,0.7352031875687547,0.4381782185028123,-0.6326126126126129,0.2303082906709227,0.40469558643576975,0.0988562091503268,0.14697623504287122
2001-04-08,6.68,G3,-100.0,decimal_scaling,manhattan,0.4423747276688442,49.720799559579305,2.8105867505543847,1.4756888285626855,0.27740846517619466,0.5038443216619652,-0.5257439773264054,0.23112318085074138,0.37906134661682267,0.1111111111111111,0.14355015847648042
2001-04-08,6.68,G3,-100.0,none,manhattan,0.4423747276688442,49.720799559579305,2.8105867505543847,1.4756888285626855,0.2774084651761979,0.503844321661965,-0.5257439773264054,0.23112318085074138,0.37906134661682267,0.1111111111111111,0.14355015847648026
2001-04-08,6.68,G3,-100.0,min_max,minkowski,0.3931061313414253,46.95731349719945,2.816034029275941,1.3442044680046727,0.5164350079742147,0.4937698783567202,-0.5596330275229359,0.23243477871849308,0.2866205643489116,0.16584967320261437,0.14221833169800688
2001-04-08,6.68,G3,-100.0,z_score,minkowski,0.3864923747276688,45.68311819167147,2.812794821385112,1.4549823310232795,0.6256491758092071,0.5421560238122047,-0.6500946969696972,0.23291861584181495,0.2820002392324296,0.1670751633986928,0.14035321393839761
2001-04-08,6.68,G3,-100.0,robust,minkowski,0.44673202614379,50.54572088616066,2.8062695099447876,1.4196846178052913,0.6903222458313366,0.4700632854993897,-0.6583392814656198,0.2309491158338236,0.380435714600869,0.10866013071895425,0.1450874711974405
2001-04-08,6.68,G3,-100.0,decimal_scaling,minkowski,0.42338935574229636,47.61708788178436,2.8114937875705803,1.4792195936483374,0.4803912123710447,0.5282426528534419,-0.5099967223861028,0.23188020532947606,0.3468673791356816,0.12745098039215685,0.1415608756391438
2001-04-08,6.68,G3,-100.0,none,minkowski,0.42338935574229636,47.61708788178436,2.8114937875705808,1.4792195936483374,0.4803912123710464,0.528242652853442,-0.5099967223861028,0.23188020532947606,0.3468673791356816,0.12745098039215685,0.14156087563914385
2001-04-11,12.71,G4,-271.0,min_max,manhattan,0.33328227977350805,43.1576427600548,2.814226059590629,1.1668988046071458,0.7014383007929573,0.5835809998913102,-0.20574162679426083,0.22856284434438068,0.23261383973517927,0.20467836257309946,0.12279668467715014
2001-04-11,12.71,G4,-271.0,z_score,manhattan,0.36193492991738613,44.78692799779009,2.740547896859873,1.4083199348195528,0.6083323178217801,0.5873118521145537,-0.4054054054054057,0.22780343130593855,0.2714140980677068,0.1668386652906777,0.12050165169043985
2001-04-11,12.71,G4,-271.0,robust,manhattan,0.36021890237576526,41.14310445508065,2.78176003579487,1.4028163845277144,0.5523566846939353,0.5877432020496703,-0.07037037037037186,0.23458172541594532,0.2719568684148225,0.17810457516339873,0.13014255874470873
2001-04-11,12.71,G4,-271.0,decimal_scaling,manhattan,0.35187737863176494,44.50853016695405,2.859512291253411,1.4298082607161753,0.6948491207805111,0.5448043857103299,-0.5160796324655434,0.22801716602337355,0.25767652929577384,0.17922256621947025,0.12723851640591236
2001-04-11,12.71,G4,-271.0,none,manhattan,0.35187737863176494,44.50853016695405,2.859512291253411,1.4298082607161753,0.6948491207805101,0.5448043857103297,-0.5160796324655434,0.22801716602337355,0.25767652929577384,0.17922256621947025,0.12723851640591224
2001-04-11,12.71,G4,-271.0,min_max,minkowski,0.3370672050496613,43.401846031691626,2.8331778401966257,1.1429191026218959,0.7298386451613005,0.6053377381348131,-0.1875000000000005,0.22843675148077958,0.23661625259325203,0.20055039559683527,0.1234320140414426
2001-04-11,12.71,G4,-271.0,z_score,minkowski,0.3673419660261767,44.79795311200091,2.5367315350426556,1.541779682160084,0.7044823564036123,0.5361581925296912,-0.3783783783783787,0.2277711366833345,0.28402424768314277,0.15720674234606125,0.11551471497081105
2001-04-11,12.71,G4,-271.0,robust,minkowski,0.3722689075630252,41.611426880655614,2.7821237340501037,1.665615704928338,0.5431160090540711,0.5830167086034388,-0.1301939058171757,0.23430970002168422,0.28993962667596107,0.1621732026143791,0.13143816050705018
2001-04-11,12.71,G4,-271.0,decimal_scaling,minkowski,0.3501229926668526,43.83833145922131,2.8561280713299797,1.5129701570664775,0.5884166408617549,0.569783573389793,-0.35233160621761717,0.22823423649808405,0.2590301603869943,0.1778465772273822,0.12560259997927425
2001-04-11,12.71,G4,-271.0,none,minkowski,0.3501229926668526,43.83833145922131,2.8561280713299797,1.5129701570664775,0.5884166408617573,0.569783573389793,-0.35233160621761717,0.22823423649808405,0.2590301603869943,0.1778465772273822,0.12560259997927428
2001-04-28,7.74,G4,-130.0,min_max,manhattan,0.4152505446623091,45.31953573392644,2.802983437222956,1.6886913143110855,0.5911152360776806,0.505524029183833,-0.3438095238095236,0.23262136972377734,0.3495220660966618,0.12540849673202614,0.1389965446990672
2001-04-28,7.74,G4,-130.0,z_score,manhattan,0.42712418300653565,47.17018649843294,2.794025826236234,1.4756888285626855,0.5044585395538591,0.5344568965962707,-0.5717761557177617,0.23198425148274493,0.35709012275324525,0.12091503267973858,0.14142810614618828
2001-04-28,7.74,G4,-130.0,robust,manhattan,0.38380018674136324,42.850406459567274,2.7815076094852182,1.5763685098698492,0.4587476258540173,0.5738400670829421,-0.30621468926553685,0.23375705456847518,0.3018464938126898,0.15400326797385622,0.13364445358542898
2001-04-28,7.74,G4,-130.0,decimal_scaling,manhattan,0.39109866168689694,43.616309852383125,2.8156238164388507,1.5406929422584361,0.3119499654760217,0.5659500846194914,-0.3885209713024284,0.23347781126680425,0.3153691345690471,0.14665032679738563,0.1366891860256287
2001-04-28,7.74,G4,-130.0,none,manhattan,0.39109866168689694,43.616309852383125,2.8156238164388507,1.5406929422584361,0.31194996547602727,0.5659500846194913,-0.3885209713024284,0.23347781126680425,0.3153691345690471,0.14665032679738563,0.13668918602562885
2001-04-28,7.74,G4,-130.0,min_max,minkowski,0.3998677248677248,45.176957124707194,2.8053599733025365,1.4992070799497905,0.537949687907604,0.5581630933268218,-0.44904761904761936,0.23288454219482865,0.3189599274463928,0.14419934640522877,0.13830584383212727
2001-04-28,7.74,G4,-130.0,z_score,minkowski,0.4203703703703702,46.380126598613344,2.797301820767223,1.5660742076724783,0.5331255356954053,0.5424095407566419,-0.5406011664423509,0.23231164253649336,0.34909607974181833,0.12459150326797386,0.1406230636343582
2001-04-28,7.74,G4,-130.0,robust,minkowski,0.3922813569872393,43.54725503414958,2.78311470507312,1.5439590372375909,0.5306686587175166,0.5653149426871549,-0.4045584045584048,0.2334482862848981,0.3123118727979839,0.14665032679738563,0.13482731179099738
2001-04-28,7.74,G4,-130.0,decimal_scaling,minkowski,0.380106857557838,43.56208317225448,2.812957317480741,1.274888156144451,0.34760590745114894,0.5690374291614708,-0.45106696100073596,0.23359907505178112,0.2916169076461339,0.16380718954248363,0.13592599478730694
2001-04-28,7.74,G4,-130.0,none,minkowski,0.380106857557838,43.56208317225448,2.812957317480742,1.274888156144451,0.34760590745114933,0.5690374291614707,-0.45106696100073596,0.23359907505178112,0.2916169076461339,0.16380718954248363,0.1359259947873069
2001-09-25,8.13,G4,-102.0,min_max,manhattan,0.42145641882483975,51.702140016920175,2.8398203204607055,1.559913131864255,0.7206076968211357,0.559637558153907,-0.49835273446079514,0.2253046119181174,0.3538023783695371,0.11661506707946337,0.1329863851191328
2001-09-25,8.13,G4,-102.0,z_score,manhattan,0.43157894736842095,50.75622982756062,2.843361488967164,1.6150158821392158,0.5675649258141839,0.5633978026887198,-0.47769185008923265,0.22534674323446402,0.37533556795139483,0.10491916064671483,0.13444109659208978
2001-09-25,8.13,G4,-102.0,robust,manhattan,0.4055346700083541,49.46597387335003,2.865290935048829,1.4981555867842395,0.4721764368434266,0.562470404167952,-0.426394391953673,0.22598476728172412,0.3303526370244851,0.12968696250429998,0.13351627930241397
2001-09-25,8.13,G4,-102.0,decimal_scaling,manhattan,0.39695767195767173,49.32769767378287,2.874711146637286,1.5411042699120556,0.46240267031224636,0.5386170600791019,-0.4922279792746114,0.22619891599017478,0.31565399727051924,0.13725490196078433,0.13316784774368418
2001-09-25,8.13,G4,-102.0,none,manhattan,0.39695767195767173,49.32769767378287,2.8747111466372863,1.5411042699120556,0.4624026703122437,0.5386170600791019,-0.4922279792746114,0.22619891599017478,0.31565399727051924,0.13725490196078433,0.13316784774368431
2001-09-25,8.13,G4,-102.0,min_max,minkowski,0.4230576441102751,51.711972716979126,2.8073553481432842,1.5806224957754782,0.6744320880267839,0.5365526947356019,-0.4943992971667034,0.2252874252527573,0.35674657507744856,0.11455108359133126,0.13147726469151425
2001-09-25,8.13,G4,-102.0,z_score,minkowski,0.42651072124756295,49.31392971840491,2.738324310805656,1.6770718510786482,0.6251310174737175,0.5681512423499391,-0.4373189904840716,0.22576394529174676,0.3704832584262205,0.10629514963880289,0.12504229209003306
2001-09-25,8.13,G4,-102.0,robust,minkowski,0.3749651907546644,45.91367861961726,2.7481856511377116,1.616612093118222,0.5112189813201855,0.5315551580518024,-0.3493810178817062,0.2273420292892654,0.29241965361215216,0.15239078087375302,0.12270505671447306
2001-09-25,8.13,G4,-102.0,decimal_scaling,minkowski,0.37252390234846383,47.193893759627244,2.801925015724141,1.4240853790280985,0.6584444455213215,0.5397591153472534,-0.4342629482071711,0.22699218019338643,0.2789316048444797,0.16271069831441348,0.12962611268490784
2001-09-25,8.13,G4,-102.0,none,minkowski,0.37252390234846383,47.193893759627244,2.8019250157241413,1.4240853790280985,0.6584444455213224,0.5397591153472535,-0.4342629482071711,0.22699218019338643,0.2789316048444797,0.16271069831441348,0.12962611268490784
2001-10-11,6.46,G4,-46.0,min_max,manhattan,0.3680839002267575,51.02771515641995,2.9696267063575883,1.693356900797454,0.557390215744538,0.5472853270816813,-0.25874125874125903,0.21607889938397035,0.29631667323258754,0.13383458646616542,0.11661257293622661
2001-10-11,6.46,G4,-46.0,z_score,manhattan,0.39270975056689356,53.204858287000086,2.938939341573954,1.6801437893496287,0.5610371552443985,0.6296415802457879,-0.42921754862053335,0.21525744340507388,0.32795395243782943,0.11478696741854637,0.11693564345151941
2001-10-11,6.46,G4,-46.0,robust,manhattan,0.38847117794486224,48.84526732292392,2.873623073127978,1.654824750981024,0.6776719722117346,0.6266057661758581,-0.344262295081967,0.22120534429586183,0.3210285084241523,0.12456140350877191,0.12125889084011261
2001-10-11,6.46,G4,-46.0,decimal_scaling,manhattan,0.38979024943310603,54.91382568855649,2.98198375948615,1.5528234084483508,0.6627229677231607,0.5799744237534373,-0.47971360381861566,0.21493155949910797,0.3165432568021845,0.12180451127819551,0.12051357997342955
2001-10-11,6.46,G4,-46.0,none,manhattan,0.38979024943310603,54.91382568855649,2.9819837594861496,1.5528234084483508,0.6627229677231616,0.5799744237534373,-0.47971360381861566,0.21493155949910797,0.3165432568021845,0.12180451127819551,0.12051357997342968
2001-10-11,6.46,G4,-46.0,min_max,minkowski,0.3821882086167804,51.969392033638684,2.9749356645430973,1.744071946039513,0.5903948567554556,0.5489337587262736,-0.33966244725738387,0.21570710262510126,0.3161326669588473,0.12080200501253133,0.11814262364724164
2001-10-11,6.46,G4,-46.0,z_score,minkowski,0.39829931972789134,53.4968594485502,2.819556964589081,1.6391491926124362,0.591669602584548,0.5782238334699551,-0.40957446808510606,0.2151012119505385,0.3365641772843227,0.11027568922305765,0.11253608911345946
2001-10-11,6.46,G4,-46.0,robust,minkowski,0.33491019214703427,47.04543165654269,2.8610252198828654,1.2841210996685628,0.6253273294207022,0.6353135386323315,-0.44303797468354467,0.22216594949431068,0.2260032625451216,0.19912280701754387,0.11868227262083002
2001-10-11,6.46,G4,-46.0,decimal_scaling,minkowski,0.3863567649281931,56.26103698905798,2.9812904277038417,1.458481631763654,0.7227341935150119,0.5678063241494363,-0.4546152369986565,0.21463511139719735,0.3039628074890586,0.13082706766917293,0.12104646031492594
2001-10-11,6.46,G4,-46.0,none,minkowski,0.3863567649281931,56.26103698905798,2.981290427703842,1.458481631763654,0.7227341935149932,0.5678063241494362,-0.4546152369986565,0.21463511139719735,0.3039628074890586,0.13082706766917293,0.12104646031492586
2001-10-21,6.94,G5,-412.0,min_max,manhattan,0.3878004535147394,54.29543292699579,2.980981280674746,1.6792768298355454,0.38526214927620844,0.5759655675902305,-0.3870967741935483,0.2150634793728699,0.31921324348962987,0.1213032581453634,0.11990056041043277
2001-10-21,6.94,G5,-412.0,z_score,manhattan,0.43317460317460343,58.81117407236885,2.9538105193028303,1.7034287187153927,0.5375890543399257,0.5779946385582831,-0.48598820058997055,0.2134823506296301,0.38520990325806953,0.08922305764411027,0.12145247318131827
2001-10-21,6.94,G5,-412.0,robust,manhattan,0.41120300751879685,54.840571181246375,2.9118785083580025,1.5438315642192928,0.49972512284793497,0.560557511224384,-0.5754755996691476,0.21955203940661114,0.3382892941679093,0.11637426900584794,0.12854985412716774
2001-10-21,6.94,G5,-412.0,decimal_scaling,manhattan,0.4002380952380951,53.43503780804371,2.9786899457981613,1.7499575938196479,0.605921550729715,0.6066555330583895,-0.3068844807467909,0.21507581957379154,0.3435505557638078,0.10726817042606515,0.1187894760480795
2001-10-21,6.94,G5,-412.0,none,manhattan,0.4002380952380951,53.43503780804371,2.9786899457981617,1.7499575938196479,0.6059215507297161,0.6066555330583896,-0.3068844807467909,0.21507581957379154,0.3435505557638078,0.10726817042606515,0.11878947604807981
2001-10-21,6.94,G5,-412.0,min_max,minkowski,0.3490325018896445,50.48748815025731,2.98154510874087,1.2869242394362033,0.5564604958844319,0.6124685451532708,-0.3138686131386861,0.21639650263728788,0.2650507625711554,0.15839598997493734,0.11615396789181576
2001-10-21,6.94,G5,-412.0,z_score,minkowski,0.3889682539682541,54.414215000337954,2.878340287832825,1.6872996846651267,0.5072342480784826,0.5916137139934566,-0.45444714787780477,0.21510925282854818,0.32095724448520546,0.11829573934837094,0.11439311737494909
2001-10-21,6.94,G5,-412.0,robust,minkowski,0.39436090225563897,50.524157786924754,2.910170452912906,1.5717245777698163,0.5892861022861288,0.6278287019484264,-0.5602377093462991,0.22072015635019135,0.3218672571955093,0.1242690058479532,0.12494368858559853
2001-10-21,6.94,G5,-412.0,decimal_scaling,minkowski,0.3923129251700675,53.16290969907036,2.97778952295161,1.7009401422528747,0.58055860827106,0.6001664800525605,-0.3157894736842103,0.21523728083953383,0.3297210159000299,0.11478696741854637,0.11825447597093715
2001-10-21,6.94,G5,-412.0,none,minkowski,0.3923129251700675,53.16290969907036,2.97778952295161,1.7009401422528747,0.5805586082710615,0.6001664800525605,-0.3157894736842103,0.21523728083953383,0.3297210159000299,0.11478696741854637,0.11825447597093722
2001-11-06,12.52,G4,-292.0,min_max,manhattan,0.302701056253688,45.173823463307286,2.9078106175963407,1.1077166320524652,0.6897030581006707,0.5927259787499803,-0.575129533678754,0.22301447119755818,0.18896003303388376,0.25146198830409355,0.11823376673914596
2001-11-06,12.52,G4,-292.0,z_score,manhattan,0.33789055973266513,46.79204515037112,2.9038755769185034,1.2413723424224887,0.4987023460691425,0.6128544680604706,-0.48669796557120487,0.22228530279051806,0.24042533154222645,0.18567251461988302,0.12046222954871673
2001-11-06,12.52,G4,-292.0,robust,manhattan,0.3119355790408422,45.8744029878968,2.8837617358556598,0.9764600763897368,0.3327131923661115,0.6178001493729305,-0.42010309278350455,0.22268959472031477,0.1947386141669785,0.24035087719298245,0.11735549033188304
2001-11-06,12.52,G4,-292.0,decimal_scaling,manhattan,0.3223454469507101,45.84441745459141,2.9297113551995353,1.2587821179255136,0.4104756311465703,0.5779504647214715,-0.5670103092783498,0.22272378100760548,0.22557114784971186,0.2026315789473684,0.12024312774957528
2001-11-06,12.52,G4,-292.0,none,manhattan,0.3223454469507101,45.84441745459141,2.9297113551995344,1.2587821179255136,0.4104756311465713,0.5779504647214714,-0.5670103092783498,0.22272378100760548,0.22557114784971186,0.2026315789473684,0.1202431277495752
2001-11-06,12.52,G4,-292.0,min_max,minkowski,0.3267000835421891,45.833902178742974,2.9044655003148256,1.4425473800126203,0.5221875961307421,0.5546779798920202,-0.607250755287009,0.2227115525666911,0.2337318571730007,0.19327485380116957,0.11957618212320716
2001-11-06,12.52,G4,-292.0,z_score,minkowski,0.34024644945697574,47.08832285650952,2.8998673028502795,1.3030363690539508,0.5272159073408162,0.5503461970774028,-0.41640042598509014,0.22218861575919235,0.2439747313185178,0.1824561403508772,0.12095978064917805
2001-11-06,12.52,G4,-292.0,robust,minkowski,0.3314891395154553,46.32160322263595,2.8909467950294703,1.3115859081002044,0.6248797533372015,0.600247256277454,-0.45138888888888784,0.2224545194758619,0.22813607042252407,0.19649122807017544,0.11861066919138866
2001-11-06,12.52,G4,-292.0,decimal_scaling,minkowski,0.3232963089542038,45.661059115627495,2.9265758179959565,0.8444894422326185,0.6232448440650128,0.5762087994521194,-0.3039215686274496,0.22273300301900031,0.22182849035379273,0.20614035087719298,0.11959831712225696
2001-11-06,12.52,G4,-292.0,none,minkowski,0.3232963089542038,45.661059115627495,2.9265758179959573,0.8444894422326185,0.6232448440650126,0.5762087994521194,-0.3039215686274496,0.22273300301900031,0.22182849035379273,0.20614035087719298,0.11959831712225695
2001-11-24,9.25,G5,-221.0,min_max,manhattan,0.3153470798207643,45.62057389146746,2.912777329130275,0.9938287715194984,0.46621641605971365,0.596104776595327,-0.5522875816993446,0.22281635510792674,0.2106729369378721,0.21900584795321637,0.1190754192855423
2001-11-24,9.25,G5,-221.0,z_score,manhattan,0.3435108604845447,46.781067720279395,2.9061103241525266,1.3087534537811971,0.5283831811420718,0.5610700959332552,-0.5164319248826291,0.22227928895753996,0.2519509468211628,0.17514619883040933,0.12252605943118974
2001-11-24,9.25,G5,-221.0,robust,manhattan,0.3463972431077695,46.81151622216289,2.8905151407240806,1.5275336337579168,0.5032128909593324,0.593342936426201,-0.4272300469483567,0.22222549793137442,0.255284110747084,0.17192982456140352,0.12069043271111066
2001-11-24,9.25,G5,-221.0,decimal_scaling,manhattan,0.3234715576820841,46.312274229744254,2.927035939886774,1.1550894487165604,0.7144793254531591,0.5721863155614884,-0.5439469320066337,0.22254962223863659,0.2187146640980222,0.2108187134502924,0.12057998588389796
2001-11-24,9.25,G5,-221.0,none,manhattan,0.3234715576820841,46.312274229744254,2.927035939886774,1.1550894487165604,0.7144793254531696,0.5721863155614884,-0.5439469320066337,0.22254962223863659,0.2187146640980222,0.2108187134502924,0.12057998588389784
2001-11-24,9.25,G5,-221.0,min_max,minkowski,0.31149027872712093,45.19463853369145,2.9164329590577527,0.8622413629362617,0.43366335232247066,0.573578290342341,-0.3782383419689116,0.22296404299454728,0.20491972032986444,0.22865497076023394,0.11851215240177264
2001-11-24,9.25,G5,-221.0,z_score,minkowski,0.3508563074352548,47.22810641758204,2.905142307430094,1.4600240035257654,0.5349056233029764,0.5783483484780934,-0.5745856353591158,0.22209228307873605,0.26138580248807997,0.16578947368421051,0.12251749183274556
2001-11-24,9.25,G5,-221.0,robust,minkowski,0.33919381787802844,46.09917987798062,2.8945516972688954,1.4871381439595124,0.7084417241178161,0.586059029665042,-0.39548022598870064,0.22251505278552225,0.2506526898364959,0.17631578947368418,0.11920588134150918
2001-11-24,9.25,G5,-221.0,decimal_scaling,minkowski,0.33090016708437786,46.52535894823537,2.933840206301082,1.3173286442941037,0.7447437230771123,0.574289148393591,-0.5884244372990352,0.22245554901531817,0.23205651503618968,0.19444444444444445,0.12108785506245597
2001-11-24,9.25,G5,-221.0,none,minkowski,0.33090016708437786,46.52535894823537,2.9338402063010816,1.3173286442941037,0.74474372307711,0.574289148393591,-0.5884244372990352,0.22245554901531817,0.23205651503618968,0.19444444444444445,0.12108785506245605
2002-05-23,6.93,G3,-109.0,min_max,manhattan,0.34644110275689227,47.013081497439856,2.9357809916389246,1.573225074635948,0.3075808199118314,0.6028529303652256,-0.5107033639143728,0.2221733705834036,0.2543736586078247,0.1707602339181286,0.1223753201808953
2002-05-23,6.93,G3,-109.0,z_score,manhattan,0.33487734487734505,46.76980247411602,2.9257891314857587,1.1441075594102013,0.43448830441997877,0.6067416086944832,-0.5461658841940532,0.22232094929927437,0.2342351325425546,0.19298245614035087,0.12120197503520005
2002-05-23,6.93,G3,-109.0,robust,manhattan,0.3242690058479533,46.056344380735254,2.9204633539456646,1.2121743012431343,0.56289796050311,0.6024851639395296,-0.6101694915254242,0.22261836769810245,0.2218800288685688,0.2043859649122807,0.11953716556213481
2002-05-23,6.93,G3,-109.0,decimal_scaling,manhattan,0.3325947444368496,46.727101127600136,2.93418236248415,0.8969540494733595,0.5758540181282912,0.5604584131059952,-0.2149944873208379,0.22225598835902588,0.2257103360095125,0.2043859649122807,0.12018545963125153
2002-05-23,6.93,G3,-109.0,none,manhattan,0.3325947444368496,46.727101127600136,2.93418236248415,0.8969540494733595,0.5758540181282991,0.5604584131059951,-0.2149944873208379,0.22225598835902588,0.2257103360095125,0.2043859649122807,0.12018545963125157
2002-05-23,6.93,G3,-109.0,min_max,minkowski,0.3513199665831244,47.50392870864889,2.9361063961689915,1.460386420545876,0.29249410703730117,0.6111463978479696,-0.5099337748344366,0.22199394075785092,0.2609149257720447,0.1672514619883041,0.12308037792085644
2002-05-23,6.93,G3,-109.0,z_score,minkowski,0.32096795017847657,46.07717187812796,2.9262476126495125,1.0871232343353556,0.4348941178935844,0.6046330386358609,-0.5255474452554741,0.2226091142210755,0.21300560441608485,0.21666666666666665,0.11982908011868772
2002-05-23,6.93,G3,-109.0,robust,minkowski,0.35031328320801997,47.01334454436901,2.921087856076875,1.4621206127061235,0.5670890390806841,0.6055494328973264,-0.47777777777777725,0.2221165999246557,0.2585206829547012,0.1675438596491228,0.12124548187341513
2002-05-23,6.93,G3,-109.0,decimal_scaling,minkowski,0.3368026125920862,46.21604128537881,2.9337618844541966,1.0121324441765756,0.5238955297703806,0.5893135484908403,-0.08571428571428664,0.22239889019748887,0.2387448056967608,0.19035087719298244,0.11942449272869697
2002-05-23,6.93,G3,-109.0,none,minkowski,0.3368026125920862,46.21604128537881,2.933761884454197,1.0121324441765756,0.5238955297703825,0.5893135484908403,-0.08571428571428664,0.22239889019748887,0.2387448056967608,0.19035087719298244,0.11942449272869701
2002-11-16,7.3,G3,-106.0,min_max,manhattan,0.3211076934761147,46.08771270677988,2.8754250159710613,1.1261167463385762,0.5984682238483992,0.6376479746079065,-0.5200000000000006,0.22264349054703203,0.21765068936803159,0.21140350877192984,0.11733301430412706
2002-11-16,7.3,G3,-106.0,z_score,manhattan,0.36916040100250636,47.861118364437,2.8359537962694756,1.6788044529662747,0.5614369863350414,0.5972952314463453,-0.329446064139942,0.22170574569926732,0.29401543237218963,0.14239766081871344,0.11729667685430152
2002-11-16,7.3,G3,-106.0,robust,manhattan,0.3455054302422727,46.34318691897489,2.807546019395011,1.4965872599472752,0.5062029376577611,0.6199442868550693,-0.3634259259259249,0.2223930209045717,0.26031805989069123,0.16754385964912283,0.11405887619380976
2002-11-16,7.3,G3,-106.0,decimal_scaling,manhattan,0.3387656641604014,46.100110045707524,2.8889890719360993,1.5083594884137883,0.550657809275803,0.5684985154738625,-0.43309002433089994,0.22253270925524685,0.2511361018931001,0.1766081871345029,0.1179953640327794
2002-11-16,7.3,G3,-106.0,none,manhattan,0.3387656641604014,46.100110045707524,2.8889890719360998,1.5083594884137883,0.5506578092758044,0.5684985154738627,-0.43309002433089994,0.22253270925524685,0.2511361018931001,0.1766081871345029,0.11799536403277937
2002-11-16,7.3,G3,-106.0,min_max,minkowski,0.32110769347611473,46.08771270677991,2.883381677346963,1.155465529634083,0.5289819268893718,0.6296591345164486,-0.5200000000000006,0.22264349054703203,0.21765068936803159,0.21140350877192984,0.11766826332119718
2002-11-16,7.3,G3,-106.0,z_score,minkowski,0.3809398496240604,49.1353857808174,2.843161598388329,1.6462723205887622,0.5261750161696453,0.5689669150383724,-0.38909541511772017,0.22122999213193392,0.3069850084152689,0.13333333333333333,0.11874491111629044
2002-11-16,7.3,G3,-106.0,robust,minkowski,0.3671261487050963,48.609893338374256,2.8154636337051864,1.3800226446895973,0.4323996580221811,0.5788700197763929,-0.4155427103403986,0.22152830195267895,0.28490355260973976,0.14912280701754382,0.12078583073353574
2002-11-16,7.3,G3,-106.0,decimal_scaling,minkowski,0.33625730994152103,46.291667596655024,2.8933206247908516,1.4240853790280985,0.5942715542324368,0.5891216155005754,-0.5833333333333345,0.22249486880533662,0.24415598095514107,0.18216374269005847,0.11959973089485901
2002-11-16,7.3,G3,-106.0,none,minkowski,0.33625730994152103,46.291667596655024,2.8933206247908525,1.4240853790280985,0.5942715542324383,0.5891216155005755,-0.5833333333333345,0.22249486880533662,0.24415598095514107,0.18216374269005847,0.11959973089485901
2003-05-29,6.45,G4,-144.0,min_max,manhattan,0.3543191311612365,48.21413135696272,2.9306133198130397,1.4771940839212923,0.734737551280128,0.566254760232674,-0.3124596513879922,0.22167569904091367,0.2597516110086517,0.16871345029239765,0.12274011341293481
2003-05-29,6.45,G4,-144.0,z_score,manhattan,0.4025563909774431,54.13007690067686,2.9296368824896275,1.6089334498028458,0.7737157371291576,0.5292644817808301,-0.5193798449612402,0.21981807230226366,0.32595574476536815,0.12280701754385961,0.1284676713873405
2003-05-29,6.45,G4,-144.0,robust,manhattan,0.3941228070175441,50.74165543947891,2.9191830818562665,1.674659051716166,0.489519430117678,0.5719886689985837,-0.42833539859562153,0.22065618547219729,0.3222138546761412,0.12397660818713449,0.12445040405040182
2003-05-29,6.45,G4,-144.0,decimal_scaling,manhattan,0.4116666666666667,52.06370749842082,2.9307168738530733,1.6872996846651267,0.6141005806928306,0.5546826679757331,-0.47234941880943965,0.2201092929455158,0.3502381432811156,0.10964912280701752,0.1270355246042409
2003-05-29,6.45,G4,-144.0,none,manhattan,0.4116666666666667,52.06370749842082,2.930716873853073,1.6872996846651267,0.6141005806928352,0.554682667975733,-0.47234941880943965,0.2201092929455158,0.3502381432811156,0.10964912280701752,0.12703552460424103
2003-05-29,6.45,G4,-144.0,min_max,minkowski,0.38125313283208007,50.033099891270226,2.9314062785828217,1.6396738627443121,0.7599743915998821,0.5529453656524702,-0.3792240300375468,0.22097359063612093,0.3032653307551318,0.13596491228070173,0.12458959174031096
2003-05-29,6.45,G4,-144.0,z_score,minkowski,0.38535087719298255,50.49744180980317,2.9275190916204523,1.6930258318624998,0.861325004107128,0.5766587067165222,-0.5810485810485811,0.22087663866585966,0.30531042977956213,0.1327485380116959,0.12530070124987608
2003-05-29,6.45,G4,-144.0,robust,minkowski,0.3941228070175441,50.74165543947898,2.919414604464705,1.674659051716166,0.38227640822994724,0.5757363083844254,-0.42833539859562153,0.22065618547219729,0.3222138546761412,0.12397660818713449,0.12432312827901063
2003-05-29,6.45,G4,-144.0,decimal_scaling,minkowski,0.4004511278195485,52.22597627881473,2.9308150427268465,1.6382822330983522,0.576858500579408,0.5459924454367294,-0.43457280726653413,0.22020216469415863,0.3284870927277506,0.12163742690058477,0.1268392540470916
2003-05-29,6.45,G4,-144.0,none,minkowski,0.4004511278195485,52.22597627881473,2.930815042726847,1.6382822330983522,0.5768585005794085,0.5459924454367294,-0.43457280726653413,0.22020216469415863,0.3284870927277506,0.12163742690058477,0.12683925404709162
2003-10-30,8.67,G5,-383.0,min_max,manhattan,0.3246136379253261,51.56102861812045,3.03554023384181,1.2829751066927542,0.3915080079957304,0.5978985619657631,-0.47549019607843335,0.21192295024417918,0.2294065409062326,0.17640692640692643,0.1106858492009127
2003-10-30,8.67,G5,-383.0,z_score,manhattan,0.3449494949494948,52.04535367791543,3.028385794660575,1.6577661654639846,0.5742742892537748,0.6315994460766358,-0.45544554455445585,0.21167853834744366,0.26850529504945914,0.14415584415584415,0.11032956099212946
2003-10-30,8.67,G5,-383.0,robust,manhattan,0.334774616917474,51.44497162014158,3.0332875217972926,1.4906282624211034,0.446860235041821,0.6182604319920028,-0.23529411764705932,0.21190314624008796,0.2569812000470884,0.15476190476190477,0.10965422982997114
2003-10-30,8.67,G5,-383.0,decimal_scaling,manhattan,0.3285442551676317,52.93406256447352,3.0275745567749355,0.903233093301637,0.3066916352890433,0.5995141288414481,-0.3815789473684211,0.21151817146704374,0.2313414696539924,0.17727272727272728,0.11088248115240253
2003-10-30,8.67,G5,-383.0,none,manhattan,0.3285442551676317,52.93406256447352,3.027574556774936,0.903233093301637,0.306691635289045,0.5995141288414481,-0.3815789473684211,0.21151817146704374,0.2313414696539924,0.17727272727272728,0.11088248115240257
2003-10-30,8.67,G5,-383.0,min_max,minkowski,0.30708153078282935,50.45393651175999,3.036104518543114,1.250436962614835,0.6296024595330458,0.5920697155870329,-0.24528301886792403,0.21232861890478702,0.20693986390465977,0.20281385281385286,0.10870799473635731
2003-10-30,8.67,G5,-383.0,z_score,minkowski,0.3530096887239745,52.76967493950045,3.030073459646881,1.7009401422528747,0.6574598469389037,0.6227487391230194,-0.4693218514531757,0.2114101036176705,0.27742925182764755,0.13701298701298703,0.11143561908406538
2003-10-30,8.67,G5,-383.0,robust,minkowski,0.3376726448155019,51.64800612013561,3.034460478574142,1.6494597989228277,0.5977684339324655,0.612165279532788,-0.3108614232209731,0.21184212753583642,0.2613470017551017,0.15064935064935067,0.1103097199056137
2003-10-30,8.67,G5,-383.0,decimal_scaling,minkowski,0.3294822061055826,51.61635198784517,3.028319777149643,1.2258048442128853,0.6282368771037203,0.6094186320205417,-0.36585365853658613,0.21187894824744594,0.24173654074802922,0.16753246753246753,0.10978954261047909
2003-10-30,8.67,G5,-383.0,none,minkowski,0.3294822061055826,51.61635198784517,3.028319777149643,1.2258048442128853,0.6282368771037182,0.6094186320205417,-0.36585365853658613,0.21187894824744594,0.24173654074802922,0.16753246753246753,0.10978954261047909
2004-01-22,8.71,G3,-149.0,min_max,manhattan,0.3514264828738514,47.51999928222404,2.6705547676762467,1.2228571573252578,0.5956411137849339,0.5955992768246255,-0.5088235294117653,0.22200005327929073,0.2622047711988014,0.16754385964912277,0.11182705551349863
2004-01-22,8.71,G3,-149.0,z_score,manhattan,0.35912071846282384,47.122110090026304,2.741377671830502,1.460386420545876,0.7238393457751657,0.6367720886608375,-0.25597749648382534,0.2219932817097663,0.2778524532881888,0.15467836257309941,0.1134516512904157
2004-01-22,8.71,G3,-149.0,robust,manhattan,0.3239982532087797,46.779121713682464,2.814653831993718,0.9793040666785472,0.641214043029361,0.6238952848247085,-0.5287356321839083,0.22234418270320436,0.20866297635060443,0.21900584795321634,0.11907060357483341
2004-01-22,8.71,G3,-149.0,decimal_scaling,manhattan,0.35928153717627387,47.40045096271369,2.2120090525445484,1.4289540346110332,0.509462027809527,0.5126192550751797,-0.27731092436974797,0.22191671276649458,0.2783212631536195,0.15438596491228068,0.10370767197044631
2004-01-22,8.71,G3,-149.0,none,manhattan,0.35928153717627387,47.40045096271369,2.212009052544549,1.4289540346110332,0.5094620278095213,0.5126192550751798,-0.27731092436974797,0.22191671276649458,0.2783212631536195,0.15438596491228068,0.10370767197044635
2004-01-22,8.71,G3,-149.0,min_max,minkowski,0.3285888964836335,45.928001084374515,2.763828000526259,0.9754622653996854,0.4500619906652762,0.6194934378604091,-0.1752577319587623,0.22256989360899332,0.22618001563906764,0.20350877192982458,0.1130091494230343
2004-01-22,8.71,G3,-149.0,z_score,minkowski,0.3404346092503988,46.58835877449903,2.7655173544072933,1.1951167245340237,0.5337135303902208,0.5694154419742541,-0.4051446945337622,0.22233442499591138,0.24660345604053818,0.18128654970760233,0.11431850163796486
2004-01-22,8.71,G3,-149.0,robust,minkowski,0.31719791904002437,45.64046234362928,2.7654979795716823,1.07449708842521,0.5150155847009736,0.6181503679429788,-0.42810457516339867,0.22277491338550917,0.2093644217205302,0.21959064327485378,0.11232892051078006
2004-01-22,8.71,G3,-149.0,decimal_scaling,minkowski,0.3490643274853802,47.32516679724711,1.9512601754525405,1.3498066287479273,0.5460775849210401,0.4680009465284408,-0.4170168067226891,0.22205349451924644,0.26050092444915346,0.16842105263157894,0.10258487794732633
2004-01-22,8.71,G3,-149.0,none,minkowski,0.3490643274853802,47.32516679724711,1.95126017545254,1.3498066287479273,0.5460775849210399,0.46800094652844076,-0.4170168067226891,0.22205349451924644,0.26050092444915346,0.16842105263157894,0.10258487794732632
2004-07-26,13.48,G4,-200.0,min_max,manhattan,0.34068736656455956,43.828714710759,2.871605668187255,1.167081866044453,0.5003153734551165,0.5883071581577025,-0.45748987854251094,0.2283225833052081,0.24312289013248514,0.1929824561403509,0.12680063426894592
2004-07-26,13.48,G4,-200.0,z_score,manhattan,0.3896686159844054,46.05831546410526,2.8694160309702075,1.7192694741407855,0.6764537795037029,0.560143146184032,-0.39805825242718473,0.22717785053875572,0.3187382965444222,0.13312693498452013,0.1306255751237947
2004-07-26,13.48,G4,-200.0,robust,manhattan,0.3697229184071289,44.39453913661161,2.868936386340386,1.5790180776975418,0.6772167708316428,0.5859996231367424,-0.1712328767123291,0.22786761700631084,0.29405924509171955,0.15101479188166494,0.12724499889233176
2004-07-26,13.48,G4,-200.0,decimal_scaling,manhattan,0.3425974447904274,43.86034560795156,2.8767894154913165,1.1664570173839572,0.4495834452771695,0.5780235311967331,-0.3795620437956209,0.2282871926093081,0.24750186014662603,0.19160646714826282,0.12663971547692318
2004-07-26,13.48,G4,-200.0,none,manhattan,0.3425974447904274,43.86034560795156,2.8767894154913165,1.1664570173839572,0.4495834452771721,0.5780235311967333,-0.3795620437956209,0.2282871926093081,0.24750186014662603,0.19160646714826282,0.12663971547692318
2004-07-26,13.48,G4,-200.0,min_max,minkowski,0.35179847767567074,44.26657299556118,2.873445380781777,1.2933208934508023,0.4343552933403148,0.5902284257925284,-0.541095890410959,0.2281253111184565,0.2619257539197385,0.17509459924320603,0.1279420203762057
2004-07-26,13.48,G4,-200.0,z_score,minkowski,0.3860623781676412,45.330544223465026,2.871383090490863,1.7507148666166505,0.6645617437010224,0.5627205529544268,-0.29219143576826195,0.2274245691075311,0.3160973186263186,0.1345029239766082,0.12934407694124478
2004-07-26,13.48,G4,-200.0,robust,minkowski,0.38675856307435236,45.386950463484936,2.8704801142467242,1.666705882574599,0.6093766995154487,0.5760038435421176,-0.2099056603773585,0.22735693615806415,0.31700779196137,0.13519091847265222,0.12936289479288157
2004-07-26,13.48,G4,-200.0,decimal_scaling,minkowski,0.35092381627469355,44.800354975852954,2.8767484170950555,1.1188020710961946,0.49693689925885426,0.5730315273296637,-0.4615384615384611,0.2279179101703375,0.2541942673665664,0.18541451668386655,0.1284277483743581
2004-07-26,13.48,G4,-200.0,none,minkowski,0.35092381627469355,44.800354975852954,2.876748417095056,1.1188020710961946,0.4969368992588528,0.5730315273296638,-0.4615384615384611,0.2279179101703375,0.2541942673665664,0.18541451668386655,0.12842774837435794
2004-11-07,8.11,G5,-373.0,min_max,manhattan,0.3577134557526715,40.930238175308595,2.7802837165131535,1.3345343697341943,0.5965184609343401,0.5676203735116001,0.03643724696356266,0.23468460153120357,0.2707431046459746,0.1797385620915033,0.12907969534014002
2004-11-07,8.11,G5,-373.0,z_score,manhattan,0.3769530034235914,41.89975515560438,2.7901026538105387,1.6581534521823378,0.7448290562410739,0.5971165943630257,-0.12052730696798575,0.23414700957971796,0.2980443803784822,0.1576797385620915,0.13231985443872912
2004-11-07,8.11,G5,-373.0,robust,manhattan,0.3675692499221911,41.357600092710655,2.796711011370824,1.6338055362161463,0.5688283003862807,0.6164003171651087,-0.24269005847953273,0.23448831092530487,0.2880449855722498,0.16462418300653592,0.13107045361276326
2004-11-07,8.11,G5,-373.0,decimal_scaling,manhattan,0.34975619877580677,41.5397970898035,2.8222036449467796,1.1925539765323203,0.3037359564924221,0.5664868355224111,-0.5053995680345574,0.23454403164317958,0.2491031380767368,0.2005718954248366,0.1346640746493056
2004-11-07,8.11,G5,-373.0,none,manhattan,0.34975619877580677,41.5397970898035,2.822203644946779,1.1925539765323203,0.303735956492429,0.5664868355224111,-0.5053995680345574,0.23454403164317958,0.2491031380767368,0.2005718954248366,0.13466407464930558
2004-11-07,8.11,G5,-373.0,min_max,minkowski,0.3572725386450877,41.78330779455689,2.7865735593863765,1.459873261409613,0.6170739167554066,0.5679141616740837,-0.47269303201506685,0.23439862169118036,0.25934800834238897,0.18872549019607843,0.1316621391789948
2004-11-07,8.11,G5,-373.0,z_score,minkowski,0.3687986305633365,41.7638720259272,2.791816383160704,1.6462723205887622,0.7111522268560204,0.6103291357446262,-0.48412698412698424,0.23433029051921178,0.28375136901280335,0.1670751633986928,0.13283564271793666
2004-11-07,8.11,G5,-373.0,robust,minkowski,0.3915188297541239,43.057220493297166,2.8032210022001625,1.5879455496335457,0.5838296343492546,0.6051375008982983,-0.372197309417041,0.23364439321528144,0.3176760073905703,0.14379084967320263,0.13496518138050803
2004-11-07,8.11,G5,-373.0,decimal_scaling,minkowski,0.34214413037942465,41.071484894103016,2.8218812494191283,1.1387639030139107,0.24676780147133504,0.5645969081827131,-0.5111111111111112,0.23475030809342268,0.2366916338258433,0.21364379084967322,0.1336193228094998
2004-11-07,8.11,G5,-373.0,none,minkowski,0.34214413037942465,41.071484894103016,2.8218812494191283,1.1387639030139107,0.24676780147133215,0.564596908182713,-0.5111111111111112,0.23475030809342268,0.2366916338258433,0.21364379084967322,0.13361932280949984
2005-01-18,6.19,G3,-121.0,min_max,manhattan,0.324111625866012,42.72139207790401,2.859677930982269,1.104933512558296,0.5354977715170677,0.5951724887217122,-0.05882352941176503,0.22878716870961205,0.22258925956669207,0.21843825249398008,0.12326983601970103
2005-01-18,6.19,G3,-121.0,z_score,manhattan,0.3393321266128286,43.391299560408044,2.8538590413691427,1.3250034952876626,0.6076532742237075,0.5851489947659306,-0.25000000000000044,0.2284510933550109,0.24256510062002135,0.19367045063639496,0.12443982185864423
2005-01-18,6.19,G3,-121.0,robust,manhattan,0.34541214146477306,43.85983360223214,2.842171272964579,1.3647309977684496,0.5218947442133828,0.5756810755715779,-0.3481781376518222,0.22825931353864115,0.25063186171327223,0.18610251117991058,0.12502058582977005
2005-01-18,6.19,G3,-121.0,decimal_scaling,manhattan,0.33366075120461114,43.44328387728503,2.8707129336084733,1.0160135137995878,0.7264939988384557,0.5569750499944028,-0.20000000000000073,0.2284513644800174,0.23218590557156757,0.2067423460612315,0.12514201888266352
2005-01-18,6.19,G3,-121.0,none,manhattan,0.33366075120461114,43.44328387728503,2.870712933608473,1.0160135137995878,0.7264939988384519,0.5569750499944028,-0.20000000000000073,0.2284513644800174,0.23218590557156757,0.2067423460612315,0.1251420188826634
2005-01-18,6.19,G3,-121.0,min_max,minkowski,0.35672050496611907,44.11557086703432,2.8594756478731482,1.420797003509243,0.38589176034173683,0.5574014453229788,-0.2631578947368427,0.22807686181104392,0.269738965109828,0.16890264877880978,0.12681706732798145
2005-01-18,6.19,G3,-121.0,z_score,minkowski,0.3469391070268264,43.84981150723337,2.8584144842264805,1.4466159240915915,0.48001072582880316,0.5711291391957686,-0.3056994818652857,0.22822399690642356,0.251474715900441,0.18541451668386652,0.12608563487840696
2005-01-18,6.19,G3,-121.0,robust,minkowski,0.36067947646895027,45.29221695220988,2.8448681813352317,1.2088078514808167,0.45025909191452756,0.5633388391264523,-0.43096234309623455,0.2276268572274028,0.2637518541860459,0.17509459924320606,0.12781432575913962
2005-01-18,6.19,G3,-121.0,decimal_scaling,minkowski,0.34785110925461826,43.89101215454263,2.871116294725675,1.28591278862849,0.6988445198294786,0.565906026279093,-0.2810218978102195,0.22822474010488117,0.25607757281004295,0.18266253869969043,0.12672439023921578
2005-01-18,6.19,G3,-121.0,none,minkowski,0.34785110925461826,43.89101215454263,2.871116294725675,1.28591278862849,0.6988445198294804,0.5659060262790931,-0.2810218978102195,0.22822474010488117,0.25607757281004295,0.18266253869969043,0.1267243902392157
2005-05-15,11.45,G5,-263.0,min_max,manhattan,0.36599624060150354,48.448381726688154,2.874102980185542,1.655519738340087,0.6313183290937683,0.5603815072114315,-0.3204633204633203,0.2215389235883301,0.28187306838372056,0.1505847953216374,0.11985583539070717
2005-05-15,11.45,G5,-263.0,z_score,manhattan,0.38997493734335875,51.782775698162354,2.856101770426798,1.5205398234931082,0.5816752516524442,0.587441318914093,-0.8074245939675184,0.2206361837035792,0.3094361811968519,0.13040935672514617,0.12484411500124866
2005-05-15,11.45,G5,-263.0,robust,manhattan,0.35724310776942386,47.77292837564725,2.892703494245039,1.6006687960171522,0.48915840232771773,0.5874840688525786,-0.47716229348882383,0.2218731365863645,0.27303161992680336,0.15760233918128655,0.12159548321150046
2005-05-15,11.45,G5,-263.0,decimal_scaling,manhattan,0.3686466165413529,48.60096667939991,2.9184549646152838,1.5963375439750351,0.6708591245430755,0.5646128523273923,-0.42774566473988446,0.22153574800465847,0.2892781225038573,0.14561403508771925,0.12274691811301168
2005-05-15,11.45,G5,-263.0,none,manhattan,0.3686466165413529,48.60096667939991,2.9184549646152838,1.5963375439750351,0.6708591245430774,0.5646128523273922,-0.42774566473988446,0.22153574800465847,0.2892781225038573,0.14561403508771925,0.12274691811301155
2005-05-15,11.45,G5,-263.0,min_max,minkowski,0.3488972431077693,47.13197994560502,2.8792984595126607,1.2180915194026067,0.691113612778206,0.6065634939571735,-0.33546325878594196,0.2221027553151962,0.26092740607505965,0.16812865497076024,0.1186970975370146
2005-05-15,11.45,G5,-263.0,z_score,minkowski,0.3563366750208853,48.5827544700507,2.8667006423806805,1.4408519870044427,0.5596623221717449,0.6004497910439404,-0.7313432835820891,0.22170480267693496,0.26298779323679256,0.16432748538011693,0.12223251745050161
2005-05-15,11.45,G5,-263.0,robust,minkowski,0.3462949039264831,47.03822352386098,2.8921338072685634,1.3954120079806203,0.5006765417281364,0.6069844070674355,-0.4697609001406467,0.2221540332576572,0.2562743803144184,0.17280701754385963,0.12011419245221175
2005-05-15,11.45,G5,-263.0,decimal_scaling,minkowski,0.3560380116959063,47.58064647489547,2.9230685791367494,1.4471403210913876,0.7249799663977912,0.5793730672763244,-0.39705882352941135,0.22191400697125557,0.2694784909183275,0.16023391812865498,0.12155195022512714
2005-05-15,11.45,G5,-263.0,none,minkowski,0.3560380116959063,47.58064647489547,2.923068579136749,1.4471403210913876,0.7249799663977979,0.5793730672763245,-0.39705882352941135,0.22191400697125557,0.2694784909183275,0.16023391812865498,0.12155195022512702
2005-09-11,12.25,G3,-139.0,min_max,manhattan,0.3347470106242038,43.372122558653466,2.764798623895977,1.0507994326969323,0.6542618742454996,0.5712458912982342,-0.3750000000000002,0.2284871899419454,0.23335414605909754,0.20536635706914344,0.12317304738080424
2005-09-11,12.25,G3,-139.0,z_score,manhattan,0.3776060521674556,45.77231359787072,2.7399382723464205,1.4886973745732435,0.44094918387112647,0.6386095873839307,-0.4442270058708417,0.22735607002652736,0.2944441119721959,0.1503267973856209,0.12238900512453706
2005-09-11,12.25,G3,-139.0,robust,manhattan,0.3580711036851389,45.22653771004995,2.8297213662771,1.3422617041747769,0.6910641762426288,0.59814330573516,-0.5439330543933053,0.22773749032980764,0.2639754682193735,0.17509459924320608,0.1263709732531633
2005-09-11,12.25,G3,-139.0,decimal_scaling,manhattan,0.34934790680404737,44.980358147137395,2.861596064961913,1.2914441535266308,0.47309236274362604,0.5773652943125355,-0.5586061246040128,0.22789991544066446,0.25004241183858755,0.1867905056759546,0.12814606159703362
2005-09-11,12.25,G3,-139.0,none,manhattan,0.34934790680404737,44.980358147137395,2.8615960649619123,1.2914441535266308,0.47309236274362665,0.5773652943125355,-0.5586061246040128,0.22789991544066446,0.25004241183858755,0.1867905056759546,0.12814606159703357
2005-09-11,12.25,G3,-139.0,min_max,minkowski,0.3156132366658684,42.70150979822073,2.7697808893673868,0.9646534146697621,0.6535732194387778,0.5796829818162624,-0.2941176470588223,0.22883454584158755,0.2062841040774696,0.2411420708634331,0.12260785903493661
2005-09-11,12.25,G3,-139.0,z_score,minkowski,0.35009514527058405,44.72510810852714,2.726051224424598,1.256372488543047,0.12909516449560704,0.6150184852420363,-0.5813953488372093,0.2279647010536368,0.2519476033665431,0.1861025111799106,0.12001960377092932
2005-09-11,12.25,G3,-139.0,robust,minkowski,0.34607372809127207,44.79799428599751,2.8250006064921998,1.0452752281386788,0.7119477959248461,0.5644069407177351,-0.4615384615384611,0.22794649943874362,0.24568025828503998,0.1936704506363949,0.12481015102334117
2005-09-11,12.25,G3,-139.0,decimal_scaling,minkowski,0.33675898500459917,44.031973706203495,2.8457177461117573,1.0948087052135331,0.4590388460470498,0.5900424931340957,-0.5555555555555556,0.22828229324345622,0.23372671740581752,0.2046783625730994,0.12603635313823938
2005-09-11,12.25,G3,-139.0,none,minkowski,0.33675898500459917,44.031973706203495,2.8457177461117578,1.0948087052135331,0.45903884604705036,0.5900424931340957,-0.5555555555555556,0.22828229324345622,0.23372671740581752,0.2046783625730994,0.12603635313823938
