,event_date,drop,intensity,dst,normalization,adjacency_method,data_label,global_efficiency,entropy,fractal,hurst_rs,modularity,assortativity
0,2023-04-23,6.57,G4,-213.0,min_max,manhattan,normal,0.25458610728497,0.019856437166475633,1.736628473558403,0.40662661791776117,0.6797015262774849,-0.3459516298633018
1,2023-04-23,6.57,G4,-213.0,z_score,manhattan,normal,0.2780167748917745,1.106026555241999,1.7332655339258531,0.4961573782010017,0.6964783239467649,-0.6477987421383647
2,2023-04-23,6.57,G4,-213.0,robust,manhattan,normal,0.29504719817219754,0.5931155598531145,1.735895161437237,0.5925228744958091,0.6854741684087883,-0.559748427672956
3,2023-04-23,6.57,G4,-213.0,decimal_scaling,manhattan,normal,0.2982218013468008,-1.4426943194232382e-06,1.7369582809936444,0.5826939008639016,0.6913082147006373,-0.4282793867120954
4,2023-04-23,6.57,G4,-213.0,none,manhattan,normal,0.2982218013468008,0.005324014689548195,1.7369582809936444,0.5826939008639016,0.6913082147006372,-0.4282793867120954
5,2023-04-23,6.57,G4,-213.0,min_max,minkowski,normal,0.2481812694880868,0.019856437166475633,1.736628473558403,0.4586149263902728,0.6740357659119238,-0.19741935483870968
6,2023-04-23,6.57,G4,-213.0,z_score,minkowski,normal,0.2846057299182295,1.106026555241999,1.7332655339258531,0.5441480566307307,0.710759365896607,-0.6944178628389155
7,2023-04-23,6.57,G4,-213.0,robust,minkowski,normal,0.29992033429533366,0.5931155598531145,1.735895161437237,0.646932550718323,0.703606372977049,-0.4949069195644538
8,2023-04-23,6.57,G4,-213.0,decimal_scaling,minkowski,normal,0.291384078884079,-1.4426943194232382e-06,1.7369582809936444,0.520231990004384,0.6841292436456017,-0.4956949569495695
9,2023-04-23,6.57,G4,-213.0,none,minkowski,normal,0.291384078884079,0.005324014689548195,1.7369582809936444,0.520231990004384,0.6841292436456018,-0.4956949569495695
10,2024-03-24,11.47,G4,-130.0,min_max,manhattan,normal,0.26338953554862543,0.012509653443632028,1.7703786145061506,0.3731569114462031,0.6750206398136674,-0.4912621359223301
11,2024-03-24,11.47,G4,-130.0,z_score,manhattan,normal,0.2737419934863111,0.9790407479807962,1.76848206216402,0.4665404745380797,0.6949217539647013,-0.5965016895249453
12,2024-03-24,11.47,G4,-130.0,robust,manhattan,normal,0.2896153089334901,0.6717692188411466,1.7717946582315838,0.46052416846684685,0.6616576264761684,-0.508786969567081
13,2024-03-24,11.47,G4,-130.0,decimal_scaling,manhattan,normal,0.2814226545760624,-1.4426943194232382e-06,1.771475039523837,0.4674613970731112,0.6753647211615138,-0.21953837895866882
14,2024-03-24,11.47,G4,-130.0,none,manhattan,normal,0.2814226545760624,0.001824811378435825,1.771475039523837,0.4674613970731112,0.6753647211615138,-0.21953837895866882
15,2024-03-24,11.47,G4,-130.0,min_max,minkowski,normal,0.26271083714265414,0.012509653443632028,1.7703786145061506,0.5459146369925122,0.6778090914533982,-0.4015748031496063
16,2024-03-24,11.47,G4,-130.0,z_score,minkowski,normal,0.3002946811185442,0.9790407479807962,1.76848206216402,0.22508539981950704,0.6747907672273551,-0.3300411522633745
17,2024-03-24,11.47,G4,-130.0,robust,minkowski,normal,0.26621011826977686,0.6717692188411466,1.7717946582315838,0.6097270652703481,0.6994590589868842,-0.4215945866431303
18,2024-03-24,11.47,G4,-130.0,decimal_scaling,minkowski,normal,0.27334391723596124,-1.4426943194232382e-06,1.771475039523837,0.5562095418485514,0.6927317949567818,-0.3621480026195154
19,2024-03-24,11.47,G4,-130.0,none,minkowski,normal,0.27334391723596124,0.001824811378435825,1.771475039523837,0.5562095418485514,0.6927317949567819,-0.3621480026195154
20,2024-05-10,15.32,G5,-412.0,min_max,manhattan,normal,0.25614479308027666,0.01994846409210071,1.6946276532387656,0.8586719074438063,0.648672162833604,-0.3429054054054051
21,2024-05-10,15.32,G5,-412.0,z_score,manhattan,normal,0.30467485919098736,1.0116644617513941,1.6865484217452906,0.6806173041647559,0.6720530917114839,-0.5322812051649936
22,2024-05-10,15.32,G5,-412.0,robust,manhattan,normal,0.2702780015683235,0.34267298079971736,1.7299865446050635,0.7700211452614049,0.6899793815588842,-0.556948798328109
23,2024-05-10,15.32,G5,-412.0,decimal_scaling,manhattan,normal,0.2542776757292883,-1.4426943194232382e-06,1.7688971421770792,0.7287180587595412,0.6701658137061853,-0.3006597549481628
24,2024-05-10,15.32,G5,-412.0,none,manhattan,normal,0.2542776757292883,0.25692890892578074,1.7688971421770792,0.7287180587595412,0.6701658137061854,-0.3006597549481628
25,2024-05-10,15.32,G5,-412.0,min_max,minkowski,normal,0.2527643652643646,0.01994846409210071,1.6946276532387656,0.6564312256660452,0.6578134734268912,-0.2315789473684214
26,2024-05-10,15.32,G5,-412.0,z_score,minkowski,normal,0.3040051048115558,1.0116644617513941,1.6865484217452906,0.6744255850323873,0.6719204026319038,-0.5510384445426426
27,2024-05-10,15.32,G5,-412.0,robust,minkowski,normal,0.27226697436374814,0.34267298079971736,1.7299865446050635,0.7505512682307796,0.6910990931911191,-0.47023451593505716
28,2024-05-10,15.32,G5,-412.0,decimal_scaling,minkowski,normal,0.261689666367085,-1.4426943194232382e-06,1.7688971421770792,0.5970124061327942,0.6802934611037382,-0.4228295819935692
29,2024-05-10,15.32,G5,-412.0,none,minkowski,normal,0.261689666367085,0.25692890892578074,1.7688971421770792,0.5970124061327942,0.6802934611037383,-0.4228295819935692
30,2002-04-17,6.56,,,min_max,manhattan,normal,0.3984544695071008,0.024176214198625222,1.6581903787747263,0.5040720385948282,0.5255727747794109,-0.41732283464566927
31,2002-04-17,6.56,,,z_score,manhattan,normal,0.3682400445558341,1.2582453147178274,1.6144191246089772,0.5217093057858859,0.5931311512687174,-0.5420974889217138
32,2002-04-17,6.56,,,robust,manhattan,normal,0.398830409356725,0.9966946862495525,1.6122183695956933,0.6078568184419944,0.592081746280382,-0.47093513058129766
33,2002-04-17,6.56,,,decimal_scaling,manhattan,normal,0.3561612364243945,-1.4426943194232382e-06,1.6049609476698874,0.4760974573213151,0.5829242155117135,-0.03561643835616522
34,2002-04-17,6.56,,,none,manhattan,normal,0.3561612364243945,-1.4426943194232382e-06,1.6049609476698874,0.4760974573213151,0.5829242155117135,-0.03561643835616522
35,2002-04-17,6.56,,,min_max,minkowski,normal,0.4052353104984681,0.024176214198625222,1.6581903787747263,0.5271157257295896,0.470513393831873,-0.42090825967692796
36,2002-04-17,6.56,,,z_score,minkowski,normal,0.3604822240787154,1.2582453147178274,1.6144191246089772,0.5144991898161981,0.5939070017758428,-0.44240400667779617
37,2002-04-17,6.56,,,robust,minkowski,normal,0.3818713450292393,0.9966946862495525,1.6122183695956933,0.5332867301318492,0.5839472759360909,-0.5714285714285717
38,2002-04-17,6.56,,,decimal_scaling,minkowski,normal,0.3712266778056253,-1.4426943194232382e-06,1.6049609476698874,0.4423500567284207,0.5854180953727752,-0.10958904109589059
39,2002-04-17,6.56,,,none,minkowski,normal,0.3712266778056253,-1.4426943194232382e-06,1.6049609476698874,0.4423500567284207,0.5854180953727752,-0.10958904109589059
40,2003-10-29,26.06,G5,-383.0,min_max,manhattan,normal,0.3192274788703359,0.024176214198625222,1.6369271635973162,0.4659910133964938,0.604247401881368,-0.3138686131386876
41,2003-10-29,26.06,G5,-383.0,z_score,manhattan,normal,0.3057751507751509,1.009375105184021,1.7607845490679508,0.4327977054960002,0.5996121610672036,-0.37254901960784276
42,2003-10-29,26.06,G5,-383.0,robust,manhattan,normal,0.31356782106782105,0.974481849739116,1.7635147229812673,0.4685455244034035,0.5998899657212842,-0.07843137254901607
43,2003-10-29,26.06,G5,-383.0,decimal_scaling,manhattan,normal,0.3093295725438583,-1.4426943194232382e-06,1.757341364731822,0.5357135622617144,0.5839587385963392,-0.4197530864197548
44,2003-10-29,26.06,G5,-383.0,none,manhattan,normal,0.3093295725438583,0.8604051282375318,1.757341364731822,0.5357135622617144,0.583958738596339,-0.4197530864197548
45,2003-10-29,26.06,G5,-383.0,min_max,minkowski,normal,0.3166670102384387,0.024176214198625222,1.6369271635973162,0.3763405180575164,0.6141191403697125,-0.17283950617283916
46,2003-10-29,26.06,G5,-383.0,z_score,minkowski,normal,0.3303854875283446,1.009375105184021,1.7607845490679508,0.4747100127513508,0.597461663660788,-0.3302752293577983
47,2003-10-29,26.06,G5,-383.0,robust,minkowski,normal,0.3169447880162168,0.974481849739116,1.7635147229812673,0.575375380448777,0.5739359879836223,-0.19148936170212788
48,2003-10-29,26.06,G5,-383.0,decimal_scaling,minkowski,normal,0.30380322058893494,-1.4426943194232382e-06,1.757341364731822,0.3234840244546571,0.6089167587508955,-0.3559322033898309
49,2003-10-29,26.06,G5,-383.0,none,minkowski,normal,0.30380322058893494,0.8604051282375318,1.757341364731822,0.3234840244546571,0.6089167587508955,-0.3559322033898309
50,2003-11-20,6.58,G5,-422.0,min_max,manhattan,normal,0.3174402757736093,0.024176214198625222,1.6470478006437794,0.5057830215428322,0.5680923409810588,-0.2941176470588251
51,2003-11-20,6.58,G5,-422.0,z_score,manhattan,normal,0.3412978996312329,1.2835211809426463,1.6340083364107805,0.46679097666391495,0.557609278760168,-0.10526315789473716
52,2003-11-20,6.58,G5,-422.0,robust,manhattan,normal,0.37534113060428825,0.9579794469083898,1.6237925645560491,0.5754139407826288,0.5636057788131925,-0.3028064992614479
53,2003-11-20,6.58,G5,-422.0,decimal_scaling,manhattan,normal,0.3532511835143414,-1.4426943194232382e-06,1.6296837024954731,0.4224830000603811,0.5964006460743314,-0.2631578947368423
54,2003-11-20,6.58,G5,-422.0,none,manhattan,normal,0.3532511835143414,-1.4426943194232382e-06,1.6296837024954731,0.4224830000603811,0.5964006460743314,-0.2631578947368423
55,2003-11-20,6.58,G5,-422.0,min_max,minkowski,normal,0.33967557783347263,0.024176214198625222,1.6470478006437794,0.5124079607603718,0.5853691028006152,-0.12500000000000072
56,2003-11-20,6.58,G5,-422.0,z_score,minkowski,normal,0.35586651814722,1.2835211809426463,1.6340083364107805,0.37776464907762863,0.5594770594164541,-0.3869863013698632
57,2003-11-20,6.58,G5,-422.0,robust,minkowski,normal,0.38186438318017246,0.9579794469083898,1.6237925645560491,0.5693560547101327,0.5525077253015369,-0.46511627906976777
58,2003-11-20,6.58,G5,-422.0,decimal_scaling,minkowski,normal,0.3509932238002415,-1.4426943194232382e-06,1.6296837024954731,0.48780289812152877,0.5776510695664905,-0.4486301369863016
59,2003-11-20,6.58,G5,-422.0,none,minkowski,normal,0.3509932238002415,-1.4426943194232382e-06,1.6296837024954731,0.48780289812152877,0.5776510695664905,-0.4486301369863016
60,2004-11-09,8.12,G5,-383.0,min_max,manhattan,normal,0.36567460317460326,0.02412694078403253,1.584995268501713,0.3586599774457726,0.5786261791586614,-0.3333333333333333
61,2004-11-09,8.12,G5,-383.0,z_score,manhattan,normal,0.3653682306255837,1.4111542171150553,1.577574843985998,0.5270484909035511,0.5763056355398909,-0.3333333333333333
62,2004-11-09,8.12,G5,-383.0,robust,manhattan,normal,0.36045459850606915,1.3944016942897335,1.5943942165660747,0.27408561339840787,0.5713863254949858,-0.24675324675324675
63,2004-11-09,8.12,G5,-383.0,decimal_scaling,manhattan,normal,0.37509045284780573,-1.4426943194232382e-06,1.5939537033289528,0.5334162469071,0.56371785101382,-0.2962962962962963
64,2004-11-09,8.12,G5,-383.0,none,manhattan,normal,0.37509045284780573,-1.4426943194232382e-06,1.5939537033289528,0.5334162469071,0.56371785101382,-0.2962962962962963
65,2004-11-09,8.12,G5,-383.0,min_max,minkowski,normal,0.3573266806722691,0.02412694078403253,1.584995268501713,0.4594315019395012,0.5529276718294109,-0.38666666666666666
66,2004-11-09,8.12,G5,-383.0,z_score,minkowski,normal,0.34325158093540464,1.4111542171150553,1.577574843985998,0.341684468262738,0.5620799428758878,-0.5
67,2004-11-09,8.12,G5,-383.0,robust,minkowski,normal,0.36653828197945837,1.3944016942897335,1.5943942165660747,0.5231643726872536,0.5339430053089512,-0.4
68,2004-11-09,8.12,G5,-383.0,decimal_scaling,minkowski,normal,0.36139414098972933,-1.4426943194232382e-06,1.5939537033289528,0.49977934978609323,0.574133977868134,-0.1774891774891775
69,2004-11-09,8.12,G5,-383.0,none,minkowski,normal,0.36139414098972933,-1.4426943194232382e-06,1.5939537033289528,0.49977934978609323,0.5741339778681342,-0.1774891774891775
70,2005-01-21,11.26,G4,-101.0,min_max,manhattan,normal,0.3518544454818968,0.024176214198625222,1.6951320734421356,0.5299441462697934,0.5659316344853115,-0.1700404858299593
71,2005-01-21,11.26,G4,-101.0,z_score,manhattan,normal,0.3194840562487623,1.1012723112450364,1.6759212044559157,0.2269060294434816,0.592513336741385,-0.4782608695652171
72,2005-01-21,11.26,G4,-101.0,robust,manhattan,normal,0.3312174027860304,0.5697810582325236,1.6237777633562573,0.3539573886550714,0.5896256100362642,-0.41666666666666874
73,2005-01-21,11.26,G4,-101.0,decimal_scaling,manhattan,normal,0.32938629997453556,-1.4426943194232382e-06,1.6089563591328198,0.49246544005444337,0.5261030502911012,-0.4166666666666683
74,2005-01-21,11.26,G4,-101.0,none,manhattan,normal,0.32938629997453556,0.03630892755486386,1.6089563591328198,0.49246544005444337,0.5261030502911014,-0.4166666666666683
75,2005-01-21,11.26,G4,-101.0,min_max,minkowski,normal,0.33945712965320834,0.024176214198625222,1.6951320734421356,0.5197019405174856,0.5500330087274424,-0.30180180180180194
76,2005-01-21,11.26,G4,-101.0,z_score,minkowski,normal,0.3143483422895189,1.1012723112450364,1.6759212044559157,0.3391170789062514,0.5836973459701637,-0.21428571428571727
77,2005-01-21,11.26,G4,-101.0,robust,minkowski,normal,0.32198391659176,0.5697810582325236,1.6237777633562573,0.21415339971473402,0.586723665836603,-0.3304347826086962
78,2005-01-21,11.26,G4,-101.0,decimal_scaling,minkowski,normal,0.3251770741966821,-1.4426943194232382e-06,1.6089563591328198,0.36934973379373803,0.5634805642637464,-0.18260869565217389
79,2005-01-21,11.26,G4,-101.0,none,minkowski,normal,0.3251770741966821,0.03630892755486386,1.6089563591328198,0.36934973379373803,0.5634805642637464,-0.18260869565217389
80,2005-05-14,0.0,Unknown,0.0,min_max,manhattan,normal,0.3609881184442589,0.024176214198625222,1.5468939549529632,0.5547970248727713,0.5889515202201747,-0.21568627450980402
81,2005-05-14,0.0,Unknown,0.0,z_score,manhattan,normal,0.3713659147869674,1.3946009437019942,1.5553865376678513,0.7351463071512997,0.6127602968856252,-0.6201191264063534
82,2005-05-14,0.0,Unknown,0.0,robust,manhattan,normal,0.3792815371762742,1.399364379525894,1.525928239040613,0.581351620327084,0.5894822504271908,-0.42857142857142844
83,2005-05-14,0.0,Unknown,0.0,decimal_scaling,manhattan,normal,0.32723285486443393,-1.4426943194232382e-06,1.4881123723290903,0.47803589580281575,0.5635160475624909,-0.4641148325358848
84,2005-05-14,0.0,Unknown,0.0,none,manhattan,normal,0.32723285486443393,0.06561030638733854,1.4881123723290903,0.47803589580281575,0.5635160475624911,-0.4641148325358848
85,2005-05-14,0.0,Unknown,0.0,min_max,minkowski,normal,0.3485658590921749,0.024176214198625222,1.5468939549529632,0.47398747238637823,0.5926356512128828,-0.23287671232876705
86,2005-05-14,0.0,Unknown,0.0,z_score,minkowski,normal,0.37669869117237537,1.3946009437019942,1.5553865376678513,0.7584455542605228,0.593039898461474,-0.4970645792563603
87,2005-05-14,0.0,Unknown,0.0,robust,minkowski,normal,0.3743107769423559,1.399364379525894,1.525928239040613,0.5130884551466325,0.609303164918168,-0.495327102803738
88,2005-05-14,0.0,Unknown,0.0,decimal_scaling,minkowski,normal,0.32305616735441306,-1.4426943194232382e-06,1.4881123723290903,0.3018101135676067,0.5801499830793182,-0.5624999999999984
89,2005-05-14,0.0,Unknown,0.0,none,minkowski,normal,0.32305616735441306,0.06561030638733854,1.4881123723290903,0.3018101135676067,0.5801499830793182,-0.5624999999999984
90,2005-08-24,7.16,G2,-263.0,min_max,manhattan,normal,0.33864723919871004,0.024176214198625222,1.6196889911889434,0.5375260465401474,0.5481934819316878,-0.4222222222222222
91,2005-08-24,7.16,G2,-263.0,z_score,manhattan,normal,0.3776610644257703,1.322072151015268,1.6158902239806414,0.5383312834058377,0.5861803623894648,-0.5238095238095238
92,2005-08-24,7.16,G2,-263.0,robust,manhattan,normal,0.3890143557422969,1.1610801340403718,1.5788844368582666,0.3021218309105349,0.5647136721891872,-0.43037974683544306
93,2005-08-24,7.16,G2,-263.0,decimal_scaling,manhattan,normal,0.3276387827858418,-1.4426943194232382e-06,1.584243458285636,0.34991435581629304,0.5367730020175547,-0.48148148148148145
94,2005-08-24,7.16,G2,-263.0,none,manhattan,normal,0.3276387827858418,-1.4426943194232382e-06,1.584243458285636,0.34991435581629304,0.5367730020175546,-0.48148148148148145
95,2005-08-24,7.16,G2,-263.0,min_max,minkowski,normal,0.3534547152194214,0.024176214198625222,1.6196889911889434,0.6987118113046485,0.5489931264890918,-0.45454545454545453
96,2005-08-24,7.16,G2,-263.0,z_score,minkowski,normal,0.3551733193277314,1.322072151015268,1.6158902239806414,0.7290193825896591,0.5481264594168602,-0.6551724137931034
97,2005-08-24,7.16,G2,-263.0,robust,minkowski,normal,0.3941351540616248,1.1610801340403718,1.5788844368582666,0.4190058687018827,0.5643932939823593,-0.5290519877675841
98,2005-08-24,7.16,G2,-263.0,decimal_scaling,minkowski,normal,0.3464781746031748,-1.4426943194232382e-06,1.584243458285636,0.6927524848018654,0.5379413507896009,-0.4222222222222222
99,2005-08-24,7.16,G2,-263.0,none,minkowski,normal,0.3464781746031748,-1.4426943194232382e-06,1.584243458285636,0.6927524848018654,0.5379413507896009,-0.4222222222222222
100,2005-09-10,0.0,Unknown,0.0,min_max,manhattan,normal,0.3658671802054157,0.02412694078403253,1.6231190789652705,0.13254630117612454,0.5596175507278339,-0.3333333333333333
101,2005-09-10,0.0,Unknown,0.0,z_score,manhattan,normal,0.37844304388422045,1.5827725906354144,1.5194729393238948,0.43856161366299484,0.5829926920688714,-0.40350877192982454
102,2005-09-10,0.0,Unknown,0.0,robust,manhattan,normal,0.35894316059757264,1.7050390518159955,1.4725865208450253,0.6235506239751065,0.5863236938305206,-0.3333333333333333
103,2005-09-10,0.0,Unknown,0.0,decimal_scaling,manhattan,normal,0.36243580765639605,-1.4426943194232382e-06,1.5255880640532227,0.7889065791518536,0.549361507450512,-0.44
104,2005-09-10,0.0,Unknown,0.0,none,manhattan,normal,0.36243580765639605,0.40533896203443454,1.5255880640532227,0.7889065791518536,0.549361507450512,-0.44
105,2005-09-10,0.0,Unknown,0.0,min_max,minkowski,normal,0.33935043714455504,0.02412694078403253,1.6231190789652705,0.3116691273332137,0.5573955571705049,-0.037037037037037035
106,2005-09-10,0.0,Unknown,0.0,z_score,minkowski,normal,0.3724760737628386,1.5827725906354144,1.5194729393238948,0.5547919373732249,0.5618086123803097,-0.5433070866141733
107,2005-09-10,0.0,Unknown,0.0,robust,minkowski,normal,0.33215850734233116,1.7050390518159955,1.4725865208450253,0.5891701665678721,0.5964308330645771,-0.3989071038251366
108,2005-09-10,0.0,Unknown,0.0,decimal_scaling,minkowski,normal,0.3698937908496733,-1.4426943194232382e-06,1.5255880640532227,0.8699189477938046,0.5532378555936772,-0.5838383838383838
109,2005-09-10,0.0,Unknown,0.0,none,minkowski,normal,0.3698937908496733,0.40533896203443454,1.5255880640532227,0.8699189477938046,0.5532378555936772,-0.5838383838383838
110,2006-12-14,9.29,G4,-146.0,min_max,manhattan,normal,0.3545072751322753,0.02412694078403253,1.5256328513464532,0.14756517787066864,0.5696431402346969,-0.42857142857143044
111,2006-12-14,9.29,G4,-146.0,z_score,manhattan,normal,0.3925694444444446,1.2111182746060125,1.5109232577059992,0.622055714625527,0.5585238339613201,-0.6030534351145038
112,2006-12-14,9.29,G4,-146.0,robust,manhattan,normal,0.3816765873015875,0.974499329832557,1.4954238287391424,0.8028536841588397,0.5413877839738475,-0.5434083601286179
113,2006-12-14,9.29,G4,-146.0,decimal_scaling,manhattan,normal,0.34910443722943735,-1.4426943194232382e-06,1.4586374292681048,0.6442214193090087,0.5341971610747311,-0.5476190476190488
114,2006-12-14,9.29,G4,-146.0,none,manhattan,normal,0.34910443722943735,-1.4426943194232382e-06,1.4586374292681048,0.6442214193090087,0.534197161074731,-0.5476190476190488
115,2006-12-14,9.29,G4,-146.0,min_max,minkowski,normal,0.3597420634920636,0.02412694078403253,1.5256328513464532,0.5205643828031201,0.5642656455041637,-0.19047619047619244
116,2006-12-14,9.29,G4,-146.0,z_score,minkowski,normal,0.36397486772486787,1.2111182746060125,1.5109232577059992,0.6024216340520014,0.5324812445394919,-0.39784946236559116
117,2006-12-14,9.29,G4,-146.0,robust,minkowski,normal,0.36671626984127015,0.974499329832557,1.4954238287391424,0.6027293727573002,0.5606133434823886,-0.7229729729729737
118,2006-12-14,9.29,G4,-146.0,decimal_scaling,minkowski,normal,0.36333994708994727,-1.4426943194232382e-06,1.4586374292681048,0.3779786113775949,0.5507864502292699,-0.40939597315436205
119,2006-12-14,9.29,G4,-146.0,none,minkowski,normal,0.36333994708994727,-1.4426943194232382e-06,1.4586374292681048,0.3779786113775949,0.5507864502292699,-0.40939597315436205
120,2011-10-24,6.01,G3,-137.0,min_max,manhattan,normal,0.26458980088012274,0.024176214198625222,1.703981337827498,0.4979507563871959,0.6630138774348143,-0.20567375886524814
121,2011-10-24,6.01,G3,-137.0,z_score,manhattan,normal,0.29548852581110596,1.2766246977917461,1.7123353957159606,0.4894117557297741,0.6908042474228624,-0.5399657785382546
122,2011-10-24,6.01,G3,-137.0,robust,manhattan,normal,0.3221539511862088,1.0116392764176092,1.7157388321638731,0.5486294515335499,0.6080246399717845,-0.4088325317009183
123,2011-10-24,6.01,G3,-137.0,decimal_scaling,manhattan,normal,0.2832476185701983,-1.4426943194232382e-06,1.7072023506395368,0.5093674350293652,0.677739262675878,-0.3032581453634082
124,2011-10-24,6.01,G3,-137.0,none,manhattan,normal,0.2832476185701983,0.0033238665431456933,1.7072023506395368,0.5093674350293652,0.6777392626758781,-0.3032581453634082
125,2011-10-24,6.01,G3,-137.0,min_max,minkowski,normal,0.2703656379462822,0.024176214198625222,1.703981337827498,0.3818470137038137,0.6685034609621716,-0.22509960159362577
126,2011-10-24,6.01,G3,-137.0,z_score,minkowski,normal,0.28639901317320604,1.2766246977917461,1.7123353957159606,0.43691973044518895,0.6988400753850236,-0.4418744367677978
127,2011-10-24,6.01,G3,-137.0,robust,minkowski,normal,0.3134613415258569,1.0116392764176092,1.7157388321638731,0.493670369397096,0.6847734712119992,-0.38559924206537194
128,2011-10-24,6.01,G3,-137.0,decimal_scaling,minkowski,normal,0.27553235295170697,-1.4426943194232382e-06,1.7072023506395368,0.3993398903645845,0.6796304589764104,-0.3927048792041685
129,2011-10-24,6.01,G3,-137.0,none,minkowski,normal,0.27553235295170697,0.0033238665431456933,1.7072023506395368,0.3993398903645845,0.6796304589764104,-0.3927048792041685
130,2012-03-08,10.4,G3,-148.0,min_max,manhattan,normal,0.27367489701159003,0.024176214198625222,1.604288303463619,0.2769405680813174,0.6719023933334427,-0.23451327433628386
131,2012-03-08,10.4,G3,-148.0,z_score,manhattan,normal,0.32767857142857143,1.3973545331702373,1.596331595650533,0.4776704122986081,0.6872863902500752,-0.40395317597390207
132,2012-03-08,10.4,G3,-148.0,robust,manhattan,normal,0.29478693909137343,1.2224254935218934,1.5859766443935166,0.6516950247952599,0.6933119036011589,-0.2617717478052672
133,2012-03-08,10.4,G3,-148.0,decimal_scaling,manhattan,normal,0.27132822374757753,-1.4426943194232382e-06,1.5627451424798657,0.27427998416687316,0.6768140443624271,-0.21743295019156988
134,2012-03-08,10.4,G3,-148.0,none,manhattan,normal,0.27132822374757753,0.18107952746463307,1.5627451424798657,0.27427998416687316,0.6768140443624271,-0.21743295019156988
135,2012-03-08,10.4,G3,-148.0,min_max,minkowski,normal,0.2680906123446437,0.024176214198625222,1.604288303463619,0.3305065724431472,0.6904827992004322,-0.3030973451327435
136,2012-03-08,10.4,G3,-148.0,z_score,minkowski,normal,0.33772081413210386,1.3973545331702373,1.596331595650533,0.4308608188400132,0.6900258448840616,-0.3517311313921485
137,2012-03-08,10.4,G3,-148.0,robust,minkowski,normal,0.30389784946236487,1.2224254935218934,1.5859766443935166,0.6110292955738899,0.7041437247459177,-0.33024373498111975
138,2012-03-08,10.4,G3,-148.0,decimal_scaling,minkowski,normal,0.27107329834144284,-1.4426943194232382e-06,1.5627451424798657,0.36357277489517087,0.6908348327105114,-0.12256267409470649
139,2012-03-08,10.4,G3,-148.0,none,minkowski,normal,0.27107329834144284,0.18107952746463307,1.5627451424798657,0.36357277489517087,0.6908348327105114,-0.12256267409470649
140,2012-07-14,6.7,G4,-139.0,min_max,manhattan,normal,0.25392511528875106,0.024734261153558937,1.7101439150305242,0.3546699469717002,0.7021196281087475,-0.1713995943204869
141,2012-07-14,6.7,G4,-139.0,z_score,manhattan,normal,0.29097442466426343,1.1888420096288832,1.6944150579306674,0.5727359756037201,0.6761444038203244,-0.32850241545893716
142,2012-07-14,6.7,G4,-139.0,robust,manhattan,normal,0.30589296324590276,0.729395135779393,1.7034030357831478,0.6420117213563467,0.6614824486998073,-0.46313799621928153
143,2012-07-14,6.7,G4,-139.0,decimal_scaling,manhattan,normal,0.25523816646811254,-1.4426943194232382e-06,1.699294133099056,0.7480278906732307,0.6798868711991617,-0.45588235294117685
144,2012-07-14,6.7,G4,-139.0,none,manhattan,normal,0.25523816646811254,0.041301612164967375,1.699294133099056,0.7480278906732307,0.6798868711991619,-0.45588235294117685
145,2012-07-14,6.7,G4,-139.0,min_max,minkowski,normal,0.2546734608231931,0.024734261153558937,1.7101439150305242,0.3516612598837432,0.6912588527627503,-0.17021276595744658
146,2012-07-14,6.7,G4,-139.0,z_score,minkowski,normal,0.31598407039583437,1.1888420096288832,1.6944150579306674,0.6652702055938587,0.7021423093127697,-0.3883233165705881
147,2012-07-14,6.7,G4,-139.0,robust,minkowski,normal,0.3120554282318968,0.729395135779393,1.7034030357831478,0.605677602560503,0.6997671836881892,-0.41858161648177566
148,2012-07-14,6.7,G4,-139.0,decimal_scaling,minkowski,normal,0.26678750542386814,-1.4426943194232382e-06,1.699294133099056,0.6932446000777944,0.6885296995893269,-0.3766546329723223
149,2012-07-14,6.7,G4,-139.0,none,minkowski,normal,0.26678750542386814,0.041301612164967375,1.699294133099056,0.6932446000777944,0.6885296995893271,-0.3766546329723223
150,2015-06-22,8.57,G4,-198.0,min_max,manhattan,normal,0.2813532146865475,0.024176214198625222,1.6501653585870732,0.6287316935459855,0.6713505258822905,-0.22363847045191215
151,2015-06-22,8.57,G4,-198.0,z_score,manhattan,normal,0.29193007943007865,1.4348549383042286,1.6271003552024148,0.4762956901720332,0.7229902907069452,-0.4282330648981529
152,2015-06-22,8.57,G4,-198.0,robust,manhattan,normal,0.31636994136993923,1.3047967762315034,1.6239440045787272,0.3295869535616523,0.720929514687763,-0.41984000000000027
153,2015-06-22,8.57,G4,-198.0,decimal_scaling,manhattan,normal,0.28131367298034043,-1.4426943194232382e-06,1.5990550858693662,0.5407690354603785,0.7121142182189113,-0.3919636087945423
154,2015-06-22,8.57,G4,-198.0,none,manhattan,normal,0.28131367298034043,0.06617841403412351,1.5990550858693662,0.5407690354603785,0.7121142182189113,-0.3919636087945423
155,2015-06-22,8.57,G4,-198.0,min_max,minkowski,normal,0.25320974487641085,0.024176214198625222,1.6501653585870732,0.2784818162230318,0.6922881927997588,-0.37474541751527585
156,2015-06-22,8.57,G4,-198.0,z_score,minkowski,normal,0.31175818675818623,1.4348549383042286,1.6271003552024148,0.4665431369194565,0.7188668583349791,-0.45333333333333287
157,2015-06-22,8.57,G4,-198.0,robust,minkowski,normal,0.303605499438831,1.3047967762315034,1.6239440045787272,0.5532903650225318,0.7018604087547463,-0.45961575531709814
158,2015-06-22,8.57,G4,-198.0,decimal_scaling,minkowski,normal,0.273757090423757,-1.4426943194232382e-06,1.5990550858693662,0.44026985511234856,0.7169106256410377,-0.3738317757009351
159,2015-06-22,8.57,G4,-198.0,none,minkowski,normal,0.273757090423757,0.06617841403412351,1.5990550858693662,0.44026985511234856,0.7169106256410377,-0.3738317757009351
160,2017-09-07,6.41,G4,-142.0,min_max,manhattan,normal,0.2749749749749754,0.024176214198625222,1.7618207363193454,0.4433550161019488,0.6923438326169833,-0.32923076923077066
161,2017-09-07,6.41,G4,-142.0,z_score,manhattan,normal,0.31081259831259705,1.1730624553986226,1.7555717053686375,0.43949469715754436,0.6900689240926552,-0.23225030084235898
162,2017-09-07,6.41,G4,-142.0,robust,manhattan,normal,0.30377222460555736,0.9123584510073157,1.7613045152540068,0.5595662968375326,0.6904586342727208,-0.4437358123446115
163,2017-09-07,6.41,G4,-142.0,decimal_scaling,manhattan,normal,0.2674141674141668,-1.4426943194232382e-06,1.7600963619568994,0.5818139949543731,0.6923490531553024,-0.38683788121990403
164,2017-09-07,6.41,G4,-142.0,none,manhattan,normal,0.2674141674141668,0.023050009141576764,1.7600963619568994,0.5818139949543731,0.6923490531553024,-0.38683788121990403
165,2017-09-07,6.41,G4,-142.0,min_max,minkowski,normal,0.2685036226702886,0.024176214198625222,1.7618207363193454,0.5068690745565972,0.6715378730081172,-0.3403480372318902
166,2017-09-07,6.41,G4,-142.0,z_score,minkowski,normal,0.3062103770437092,1.1730624553986226,1.7555717053686375,0.6368795905477155,0.7057510153863844,-0.23916913946587573
167,2017-09-07,6.41,G4,-142.0,robust,minkowski,normal,0.2981886648553313,0.9123584510073157,1.7613045152540068,0.6062567955268618,0.7015254811298555,-0.4541735906941075
168,2017-09-07,6.41,G4,-142.0,decimal_scaling,minkowski,normal,0.28172577339243937,-1.4426943194232382e-06,1.7600963619568994,0.6116906476544541,0.6945127501717057,-0.2612011439466169
169,2017-09-07,6.41,G4,-142.0,none,minkowski,normal,0.28172577339243937,0.023050009141576764,1.7600963619568994,0.6116906476544541,0.6945127501717057,-0.2612011439466169
170,2021-11-03,9.68,G4,-117.0,min_max,manhattan,normal,0.24337471735533217,0.0260478536473735,1.7478766603043154,0.48252093677559554,0.6674300563550948,-0.4584450402144772
171,2021-11-03,9.68,G4,-117.0,z_score,manhattan,normal,0.29721504820936556,1.0610541276908267,1.7178344315728005,0.5289706237608343,0.6787187285097692,-0.48717948717948717
172,2021-11-03,9.68,G4,-117.0,robust,manhattan,normal,0.26459614669841863,0.9590532733007817,-0.0,0.6346518328638555,1.2901969504294073e-10,-0.32669983416252074
173,2021-11-03,9.68,G4,-117.0,decimal_scaling,manhattan,normal,0.27547977065022483,-1.4426943194232382e-06,1.8572116743637679,0.48208720680121137,0.3989072806262127,-0.1964649898028552
174,2021-11-03,9.68,G4,-117.0,none,manhattan,normal,0.28191752481525173,0.035456460387934506,-0.0,0.5202443227611059,1.2295030645893917e-10,-0.26452812645281265
175,2021-11-03,9.68,G4,-117.0,min_max,minkowski,normal,0.2551953728090087,0.0260478536473735,1.7478766603043154,0.44430408492054196,0.6595860112904526,-0.40109460516028145
176,2021-11-03,9.68,G4,-117.0,z_score,minkowski,normal,0.27435297236433487,1.0610541276908267,1.7178344315728005,0.594843659888213,0.710699947071918,-0.5420098846787479
177,2021-11-03,9.68,G4,-117.0,robust,minkowski,normal,0.2586396347759976,0.9590532733007817,-0.0,0.5425740092377639,3.76133199004253e-12,-0.32772098616957307
178,2021-11-03,9.68,G4,-117.0,decimal_scaling,minkowski,normal,0.25757797547570216,-1.4426943194232382e-06,1.8572116743637679,0.4433729182656255,0.46129632036213386,-0.28205128205128205
179,2021-11-03,9.68,G4,-117.0,none,minkowski,normal,0.25550681168578837,0.035456460387934506,-0.0,0.42913643461256273,3.123463782259183e-12,-0.3333333333333333
