event_date,drop,intensity,dst,transformation,normalization,adjacency_method,global_efficiency,estrada_index,entropy,fractal,hurst_rs,modularity,assortativity,avg_katz,avg_closeness,avg_betweenness,avg_laplacian
2024-05-10,15.32,G5,-412.0,none,min_max,manhattan,0.3052924482924476,58.03853923370248,3.153324019914746,1.2020357568418825,0.6051361440613919,0.63872415562227,-0.16756756756756777,0.19898456762339461,0.22669251522235753,0.15855072463768116,0.09534670785954451
2024-05-10,15.32,G5,-412.0,none,min_max,minkowski,0.31231878306878236,59.168872187886905,3.153740908631073,1.5830307728586606,0.5576121422682458,0.6250793744132321,-0.4128035320088311,0.19872839486551228,0.235206540699391,0.1498550724637681,0.09679898363496037
2024-05-10,15.32,G5,-412.0,none,z_score,manhattan,0.3558492063492064,62.875584071835384,3.132485937757782,1.6848109943597955,0.5025387133785946,0.642030785008898,-0.4825870646766161,0.1975035375550903,0.28730159624292123,0.1136231884057971,0.09835608054615776
2024-05-10,15.32,G5,-412.0,none,z_score,minkowski,0.3578134920634921,63.58139816534993,3.1350670135494094,1.673295303360194,0.5158261926762072,0.6374010917768352,-0.4272517321016165,0.19735853536301126,0.29265216018153795,0.11188405797101449,0.0989730590896178
2024-05-10,15.32,G5,-412.0,none,robust,manhattan,0.333444444444444,62.32334061808013,3.1121101272468352,1.388027135852128,0.46010873601013746,0.6315332806258541,-0.5386819484240687,0.19786135457605256,0.24997219970732235,0.13797101449275362,0.0984378068904821
2024-05-10,15.32,G5,-412.0,none,robust,minkowski,0.32837301587301576,61.392544826228516,3.114802395777304,1.381211695736975,0.5064191078033968,0.632242456052927,-0.45454545454545464,0.19807502280047706,0.24554965019723704,0.14115942028985506,0.09756032697140771
2024-05-10,15.32,G5,-412.0,none,decimal_scaling,manhattan,0.23944231171093808,55.71987599344563,2.2800398957642662,0.9182883745925245,0.5821980170148282,0.3479013653465274,-0.33333333333333026,0.1998537596058269,0.12679042699580376,0.3159420289855073,0.08912329688945209
2024-05-10,15.32,G5,-412.0,none,decimal_scaling,minkowski,0.23944231171093808,55.71987599344563,2.3488034100421995,0.9182883745925245,0.5966053981536497,0.36262577235714766,-0.33333333333333026,0.1998537596058269,0.12679042699580376,0.3159420289855073,0.08950515556471193
2024-05-10,15.32,G5,-412.0,none,none,manhattan,0.2346631814794589,55.507022169654135,2.670590851098364,0.8356598875623723,0.6585164145145869,0.6246031466034152,-0.04347826086955917,0.19992428588460695,0.12081583480840376,0.33333333333333337,0.0878044685161786
2024-05-10,15.32,G5,-412.0,none,none,minkowski,0.2346631814794589,55.507022169654135,2.7300025198494273,0.8356598875623723,0.6387396157473109,0.6241288147272003,-0.04347826086955917,0.19992428588460695,0.12081583480840376,0.33333333333333337,0.08814334287807275
2024-05-10,15.32,G5,-412.0,log,min_max,manhattan,0.3052924482924476,58.03853923370248,3.153553561781899,1.2020357568418825,0.6001763832228806,0.638046335357799,-0.16756756756756777,0.19898456762339461,0.22669251522235753,0.15855072463768116,0.09534068673948738
2024-05-10,15.32,G5,-412.0,log,min_max,minkowski,0.30325817700817675,59.91891568121338,3.154457163833717,1.1090785647201136,0.7008517444508549,0.6143123941180982,-0.4502923976608188,0.19860681168618363,0.213852778210027,0.16869565217391305,0.09734751882173825
2024-05-10,15.32,G5,-412.0,log,z_score,manhattan,0.3558492063492064,62.875584071835384,3.1328734444391597,1.6848109943597955,0.507986667081084,0.6420159592051136,-0.4825870646766161,0.1975035375550903,0.28730159624292123,0.1136231884057971,0.09837115533297686
2024-05-10,15.32,G5,-412.0,log,z_score,minkowski,0.3583809523809523,63.94194858167686,3.136016782753638,1.7497948277275899,0.5283098843036488,0.637833815820487,-0.5291428571428572,0.19733289001009066,0.2928532074820548,0.11130434782608695,0.09981102393777677
2024-05-10,15.32,G5,-412.0,log,robust,manhattan,0.333444444444444,62.32334061808013,3.112932537198065,1.388027135852128,0.46445478679302354,0.6310037974508241,-0.5386819484240687,0.19786135457605256,0.24997219970732235,0.13797101449275362,0.09846246199768023
2024-05-10,15.32,G5,-412.0,log,robust,minkowski,0.32837301587301576,61.392544826228516,3.115027869070797,1.381211695736975,0.4954773706290549,0.632257835271052,-0.45454545454545464,0.19807502280047706,0.24554965019723704,0.14115942028985506,0.09755956147625484
2024-05-10,15.32,G5,-412.0,log,decimal_scaling,manhattan,0.28297297147297146,57.69919186705656,3.1239374068784045,1.0765400880968625,0.49073456014279465,0.6386047015588731,-0.4545454545454554,0.19917498290971808,0.18483029770705384,0.2026086956521739,0.09448767427777437
2024-05-10,15.32,G5,-412.0,log,decimal_scaling,minkowski,0.29763419913419864,58.57286172543375,3.123584586377169,1.2523909351626465,0.5856332607767658,0.6321954016131139,-0.615074024226111,0.19892219393772678,0.2068011545313577,0.17652173913043476,0.09548464847579868
2024-05-10,15.32,G5,-412.0,log,none,manhattan,0.28297297147297146,57.69919186705656,3.1239374068784045,1.0765400880968625,0.49073456014279565,0.638604701558873,-0.4545454545454554,0.19917498290971808,0.18483029770705384,0.2026086956521739,0.09448767427777423
2024-05-10,15.32,G5,-412.0,log,none,minkowski,0.29763419913419864,58.57286172543375,3.123584586377169,1.2523909351626465,0.585633260776763,0.632195401613114,-0.615074024226111,0.19892219393772678,0.2068011545313577,0.17652173913043476,0.09548464847579835
2024-05-10,15.32,G5,-412.0,exponential,min_max,manhattan,0.3149708994708989,58.51742849962628,3.1529550867120117,1.478478472121938,0.6134394464098513,0.6398227413988881,-0.16666666666666738,0.19880022231175662,0.23940504060416054,0.14753623188405796,0.09596431732558425
2024-05-10,15.32,G5,-412.0,exponential,min_max,minkowski,0.3066494708994701,58.735286403925905,3.153553503152917,1.3319784844849607,0.6079550340345059,0.6356274106357329,-0.347233360064154,0.1988462705720896,0.22858411479768206,0.15710144927536232,0.09630522771595887
2024-05-10,15.32,G5,-412.0,exponential,z_score,manhattan,0.3507380952380952,62.090172866211624,3.13216567303558,1.6629751624044509,0.4918445355743422,0.6666340006382835,-0.47085201793721976,0.19772307509099768,0.2819410491681462,0.11652173913043479,0.09798282146672271
2024-05-10,15.32,G5,-412.0,exponential,z_score,minkowski,0.3363862433862432,62.05724106409605,3.1340965994994994,1.3643995844607373,0.5274194594121141,0.6516839570069048,-0.5350553505535055,0.19788317981892864,0.25561076523190235,0.13362318840579712,0.09800029446095065
2024-05-10,15.32,G5,-412.0,exponential,robust,manhattan,0.3265423280423275,61.262430222570956,3.111127846485456,1.453526218549259,0.4587800815647689,0.6397758190387522,-0.5632183908045977,0.19814125047311074,0.24276683679380742,0.1434782608695652,0.09787440180966912
2024-05-10,15.32,G5,-412.0,exponential,robust,minkowski,0.30288564213564195,60.06095175086167,3.114400484272298,1.194188905368549,0.45817890338358364,0.6603214857036895,-0.515634580012263,0.19852264534642594,0.20330018505970773,0.1773913043478261,0.09647797542166431
2024-05-10,15.32,G5,-412.0,exponential,decimal_scaling,manhattan,0.28297297147297146,57.69919186705656,3.127350346484438,1.0765400880968625,0.48499140807638264,0.6374710770454204,-0.4545454545454554,0.19917498290971808,0.18483029770705384,0.2026086956521739,0.09458271176778885
2024-05-10,15.32,G5,-412.0,exponential,decimal_scaling,minkowski,0.30336844636844595,58.806761512374855,3.1289266241985505,1.2049920194329131,0.5207110085892215,0.63178879813365,-0.6020942408376966,0.19882990222955324,0.21421593549588416,0.16753623188405797,0.09587864032865295
2024-05-10,15.32,G5,-412.0,exponential,none,manhattan,0.28297297147297146,57.69919186705656,3.127350346484438,1.0765400880968625,0.48499140807638125,0.6374710770454204,-0.4545454545454554,0.19917498290971808,0.18483029770705384,0.2026086956521739,0.0945827117677889
2024-05-10,15.32,G5,-412.0,exponential,none,minkowski,0.30336844636844595,58.806761512374855,3.12892662419855,1.2049920194329131,0.5207110085892224,0.6317887981336501,-0.6020942408376966,0.19882990222955324,0.21421593549588416,0.16753623188405797,0.09587864032865306
2024-03-24,11.47,G4,-130.0,none,min_max,manhattan,0.2825777103554871,62.55457870265118,3.2271533737230227,1.2216268592032962,0.747548676194101,0.6412621755969431,-0.2431693989071037,0.19158305918099006,0.19881032754723485,0.1715099715099715,0.08859352002724662
2024-03-24,11.47,G4,-130.0,none,min_max,minkowski,0.2819578569578559,62.97133359086673,3.2249872756593896,1.1369148103380802,0.6254462190150035,0.6368600386679935,-0.4444444444444444,0.1915349228005946,0.19829037830894583,0.17173789173789175,0.08940945264995065
2024-03-24,11.47,G4,-130.0,none,z_score,manhattan,0.30857979469090513,64.78196294444597,3.218861929368897,1.4516679529812817,0.4438009586132568,0.6731678067863893,-0.5692995529061103,0.19099163280821208,0.2294401204742367,0.14096866096866095,0.0897066360236087
2024-03-24,11.47,G4,-130.0,none,z_score,minkowski,0.3325803825803817,65.68014032226462,3.2189647015198526,1.8782624683718803,0.5899753648930411,0.6419607467919168,-0.38485639686684026,0.19063183228394265,0.2714335868773694,0.11361823361823362,0.09187184908451501
2024-03-24,11.47,G4,-130.0,none,robust,manhattan,0.29434639434639404,64.58854571184574,3.2253354116063844,1.1409130114566666,0.5113600317984986,0.6579507899507828,-0.48683220466516114,0.19105142917612689,0.19974993655581622,0.16786324786324783,0.08979043736373152
2024-03-24,11.47,G4,-130.0,none,robust,minkowski,0.30880703658481373,64.98689309218663,3.2246929347730546,1.4298664405792112,0.4528122005000996,0.6558737298611045,-0.33580508474576254,0.19090635895736044,0.23009811064596675,0.14096866096866098,0.09054211988458917
2024-03-24,11.47,G4,-130.0,none,decimal_scaling,manhattan,0.22241975025016017,60.06619277432621,2.2646820815236435,0.8876817228135419,0.71833500846458,0.42891102541734444,-0.03999999999999546,0.1923821764210352,0.11218807768254872,0.3333333333333334,0.08220554937995518
2024-03-24,11.47,G4,-130.0,none,decimal_scaling,minkowski,0.22241975025016017,60.06619277432621,2.3413517266495374,0.8876817228135419,0.7466852617714791,0.4469779294957902,-0.03999999999999546,0.1923821764210352,0.11218807768254872,0.3333333333333334,0.08241309652119122
2024-03-24,11.47,G4,-130.0,none,none,manhattan,0.2224197502501601,60.06619277432621,2.7795041995488434,0.8533965192111305,0.6355171710420788,0.7088854539868541,-0.03999999999999546,0.19238217642103522,0.11218807768254874,0.3333333333333333,0.0795096529798288
2024-03-24,11.47,G4,-130.0,none,none,minkowski,0.2224197502501601,60.06619277432621,2.8486688234661326,0.8533965192111305,0.6302237653344782,0.6985925347766904,-0.03999999999999546,0.19238217642103522,0.11218807768254874,0.3333333333333333,0.08023503176616241
2024-03-24,11.47,G4,-130.0,log,min_max,manhattan,0.27408870015707526,62.27780142487154,3.224697773711559,1.0490998187860645,0.7522075788905931,0.6428478923584469,-0.38164251207729555,0.1917047417109308,0.1872479845238977,0.18427350427350428,0.08836190474732063
2024-03-24,11.47,G4,-130.0,log,min_max,minkowski,0.28051968607524097,62.98091226824549,3.2223968127692446,1.2708432028970034,0.6543110156018036,0.645022036879912,-0.39873417721519056,0.1915058524123584,0.1898622457814733,0.17880341880341882,0.08943883152170333
2024-03-24,11.47,G4,-130.0,log,z_score,manhattan,0.3036189119522447,64.10892791126415,3.217858388050255,1.5081078216576922,0.4418996289491325,0.6602937727958152,-0.46754468485418543,0.19114494347895072,0.22368304807146602,0.1452991452991453,0.08875663299916685
2024-03-24,11.47,G4,-130.0,log,z_score,minkowski,0.33516483516483453,65.52209284883723,3.217670502588178,1.9030738831351182,0.5855958500639945,0.6440710761851671,-0.24657534246575374,0.19059497530073383,0.2753237436320705,0.11156695156695157,0.09153833004241164
2024-03-24,11.47,G4,-130.0,log,robust,manhattan,0.2857054705345301,64.14130463750972,3.225488370617378,1.2705986465961536,0.4032750716127325,0.6752200849295998,-0.4290401968826913,0.19117040887442002,0.18534847599218177,0.18404558404558405,0.0893773255648278
2024-03-24,11.47,G4,-130.0,log,robust,minkowski,0.31329082440193484,65.21053744350598,3.2228884606905717,1.4940250410514668,0.5307751373514309,0.6566725489318554,-0.35545023696682404,0.19083679835396794,0.236117417536404,0.13572649572649573,0.09080006075966623
2024-03-24,11.47,G4,-130.0,log,decimal_scaling,manhattan,0.31396463618685727,64.21078530488842,3.2078334346259374,1.468833250309526,0.5344430285727156,0.6480556671698465,-0.3010664479081218,0.19104238938486465,0.2426787591877209,0.13230769230769232,0.08906446727108673
2024-03-24,11.47,G4,-130.0,log,decimal_scaling,minkowski,0.3055862861418407,64.39051143237037,3.204676688784189,1.164142545965819,0.6643898468983367,0.6617935512803089,-0.4503401360544215,0.19109339955012808,0.22912956583848093,0.1434757834757835,0.09001236175732175
2024-03-24,11.47,G4,-130.0,log,none,manhattan,0.31396463618685727,64.21078530488842,3.2078334346259383,1.468833250309526,0.5344430285727138,0.6480556671698463,-0.3010664479081218,0.19104238938486465,0.2426787591877209,0.13230769230769232,0.08906446727108677
2024-03-24,11.47,G4,-130.0,log,none,minkowski,0.3055862861418407,64.39051143237037,3.204676688784189,1.164142545965819,0.664389846898338,0.661793551280309,-0.4503401360544215,0.19109339955012808,0.22912956583848093,0.1434757834757835,0.09001236175732172
2024-03-24,11.47,G4,-130.0,exponential,min_max,manhattan,0.29112071056515376,62.7887606175284,3.2290106260870264,1.3025646733549419,0.7598229708603466,0.6398445750635403,-0.22673656618610827,0.19149566275685423,0.21317911604894046,0.15715099715099715,0.08885247333326259
2024-03-24,11.47,G4,-130.0,exponential,min_max,minkowski,0.276022979869133,62.503742534865,3.2271753742579543,1.0821786320242825,0.7417331602525218,0.6319602601059742,-0.42076502732240534,0.19164581644841244,0.1886548421810156,0.18267806267806266,0.0886027117605343
2024-03-24,11.47,G4,-130.0,exponential,z_score,manhattan,0.3150578845023282,64.59045675733869,3.2198094203000687,1.5706096760612185,0.4428820050563552,0.6716616868058871,-0.4629156010230179,0.19098311252512493,0.2431730878222856,0.1307122507122507,0.08941663959459022
2024-03-24,11.47,G4,-130.0,exponential,z_score,minkowski,0.3169086057974943,65.57635780190776,3.2200133349165383,1.6792210817082363,0.5250038888642669,0.656211175025992,-0.5070496083550906,0.19077185878789854,0.24096106148042828,0.13276353276353278,0.09188422786438274
2024-03-24,11.47,G4,-130.0,exponential,robust,manhattan,0.29434639434639404,64.58854571184574,3.225122475730239,1.1409130114566666,0.5090560137008711,0.6584188601478282,-0.48683220466516114,0.19105142917612689,0.19974993655581622,0.16786324786324783,0.08977741239037608
2024-03-24,11.47,G4,-130.0,exponential,robust,minkowski,0.31471532582643613,65.9461202209074,3.2254334976015246,1.484367849403378,0.5030392228794281,0.6551840104530765,-0.4045226130653271,0.19068965355560763,0.23626653626288815,0.13572649572649573,0.09143964227926388
2024-03-24,11.47,G4,-130.0,exponential,decimal_scaling,manhattan,0.3145525256636358,64.63625807625844,3.207908863190375,1.6712026357826484,0.518315127486752,0.6586196039604797,-0.40857787810383683,0.19095694876405517,0.24075423096692952,0.132991452991453,0.08986124828582456
2024-03-24,11.47,G4,-130.0,exponential,decimal_scaling,minkowski,0.3104519965631067,64.62397237656391,3.2070476552791614,1.5281405644696953,0.552676337582575,0.6401264583188,-0.4531986531986534,0.191016776057596,0.23643997091595598,0.13686609686609685,0.08986642622269637
2024-03-24,11.47,G4,-130.0,exponential,none,manhattan,0.3145525256636358,64.63625807625844,3.2079088631903754,1.6712026357826484,0.5183151274867507,0.6586196039604796,-0.40857787810383683,0.19095694876405517,0.24075423096692952,0.132991452991453,0.08986124828582447
2024-03-24,11.47,G4,-130.0,exponential,none,minkowski,0.3104519965631067,64.62397237656391,3.2070476552791614,1.5281405644696953,0.5526763375825741,0.6401264583187998,-0.4531986531986534,0.191016776057596,0.23643997091595598,0.13686609686609685,0.08986642622269649
2023-04-23,6.57,G2,-213.0,none,min_max,manhattan,0.2682562214613494,62.08549731480114,3.2444514570775165,1.1637866259209038,0.6020327904262424,0.6203523775156493,-0.2423208191126285,0.1917390385227401,0.1727291835003729,0.20022792022792021,0.08846606794554539
2023-04-23,6.57,G2,-213.0,none,min_max,minkowski,0.2728007114759247,62.30845525950672,3.244662379279936,1.0774426617852864,0.5918457783101484,0.6395947889638779,-0.256038647342996,0.19166676803374896,0.17922267372735187,0.192022792022792,0.08879516228970934
2023-04-23,6.57,G2,-213.0,none,z_score,manhattan,0.29718378329489387,64.00707546114317,3.2328958269974883,1.4328819754084066,0.3225528562595723,0.6515487687546712,-0.7121354656632167,0.19126026471808164,0.2171938440591522,0.1516809116809117,0.08970777070523023
2023-04-23,6.57,G2,-213.0,none,z_score,minkowski,0.2995172522950296,64.07008191854571,3.233169433926836,1.4449230797003838,0.4602252209489944,0.6711385593560274,-0.5723049956178791,0.19121008624015182,0.2190860549485498,0.14962962962962967,0.08973382513319163
2023-04-23,6.57,G2,-213.0,none,robust,manhattan,0.3102224935558268,65.71457644136667,3.2211552039056066,1.6624861179897528,0.38128866431793607,0.6464899393463693,-0.6373507057546146,0.1908038634359284,0.2272109593313741,0.14210826210826213,0.0912527979367245
2023-04-23,6.57,G2,-213.0,none,robust,minkowski,0.3201668701668697,65.38512221778086,3.2204977107602044,1.6668850476379438,0.432199199151277,0.6459197825191766,-0.4246575342465759,0.19077224087873076,0.24762812137328624,0.12820512820512822,0.09021188101740532
2023-04-23,6.57,G2,-213.0,none,decimal_scaling,manhattan,0.22241975025016011,60.066192774326225,2.150321174399032,1.0439470917810771,0.5831109847322602,0.37402272278774107,-0.03999999999999546,0.1923821764210352,0.11218807768254872,0.3333333333333333,0.07784431260664322
2023-04-23,6.57,G2,-213.0,none,decimal_scaling,minkowski,0.22241975025016011,60.066192774326225,2.219762882562937,1.0439470917810771,0.5458387486926858,0.39088547352889197,-0.03999999999999546,0.1923821764210352,0.11218807768254872,0.3333333333333333,0.07817415840782235
2023-04-23,6.57,G2,-213.0,none,none,manhattan,0.22241975025016011,60.06619277432627,2.7860398388056664,0.8146225042680233,0.5616522892223457,0.5465725160545627,-0.03999999999999546,0.19238217642103522,0.11218807768254872,0.3333333333333333,0.07973071222851581
2023-04-23,6.57,G2,-213.0,none,none,minkowski,0.22241975025016011,60.06619277432627,2.838368825729804,0.8146225042680233,0.506673445892054,0.5549714018210609,-0.03999999999999546,0.19238217642103522,0.11218807768254872,0.3333333333333333,0.08020916128406824
2023-04-23,6.57,G2,-213.0,log,min_max,manhattan,0.2686360885078831,62.09511065745729,3.244403241059839,1.1803647775145634,0.6148643349839543,0.6389062064563568,-0.19795221843003474,0.19172851155995327,0.17282789900474746,0.19999999999999998,0.08849860886116202
2023-04-23,6.57,G2,-213.0,log,min_max,minkowski,0.2784751573213107,62.74514929542081,3.244703275531741,1.1515981361585903,0.5903891201809893,0.6364020512926708,-0.3630406290956759,0.19155357731906889,0.1861926494690596,0.18245014245014243,0.08931272994981193
2023-04-23,6.57,G2,-213.0,log,z_score,manhattan,0.29718378329489387,64.00707546114317,3.232816941852769,1.4328819754084066,0.3183692810164499,0.6516098319830215,-0.7121354656632167,0.19126026471808164,0.2171938440591522,0.1516809116809117,0.08970553836741334
2023-04-23,6.57,G2,-213.0,log,z_score,minkowski,0.2995172522950296,64.07008191854571,3.233195781982272,1.4449230797003838,0.45858352712740896,0.6711684365803946,-0.5723049956178791,0.19121008624015182,0.2190860549485498,0.14962962962962967,0.08973662581361445
2023-04-23,6.57,G2,-213.0,log,robust,manhattan,0.3102224935558268,65.71457644136667,3.221190491739766,1.6624861179897528,0.38349900915186874,0.6464248285991814,-0.6373507057546146,0.1908038634359284,0.2272109593313741,0.14210826210826213,0.09125396204969302
2023-04-23,6.57,G2,-213.0,log,robust,minkowski,0.3201668701668697,65.38512221778086,3.2209484103551027,1.6668850476379438,0.4232151949336395,0.6454308815233154,-0.4246575342465759,0.19077224087873076,0.24762812137328624,0.12820512820512822,0.09023311561179372
2023-04-23,6.57,G2,-213.0,log,decimal_scaling,manhattan,0.30802016913128,64.44279200681007,3.200510697465246,1.5139887455920593,0.5793231522246147,0.6506990752216111,-0.3042071197411006,0.19099435309680712,0.22710200837566444,0.14301994301994303,0.08875139754653277
2023-04-23,6.57,G2,-213.0,log,decimal_scaling,minkowski,0.31606407995296815,65.31993177443877,3.1979989371359836,1.4482720612462638,0.5644985208400558,0.6818582632956702,-0.49874686716791977,0.19080996795702193,0.23968585733220318,0.13413105413105414,0.08989339589328475
2023-04-23,6.57,G2,-213.0,log,none,manhattan,0.30802016913128,64.44279200681007,3.2005106974652464,1.5139887455920593,0.579323152224614,0.6506990752216112,-0.3042071197411006,0.19099435309680712,0.22710200837566444,0.14301994301994303,0.08875139754653294
2023-04-23,6.57,G2,-213.0,log,none,minkowski,0.31606407995296815,65.31993177443877,3.1979989371359836,1.4482720612462638,0.5644985208400575,0.6818582632956703,-0.49874686716791977,0.19080996795702193,0.23968585733220318,0.13413105413105414,0.08989339589328482
2023-04-23,6.57,G2,-213.0,exponential,min_max,manhattan,0.2755147116258225,62.31941293805777,3.244449195577041,1.2495846390945222,0.5988523553474395,0.6206714044284036,-0.2141706924315628,0.19165396083302955,0.18457357684919237,0.18472934472934474,0.08868904738285727
2023-04-23,6.57,G2,-213.0,exponential,min_max,minkowski,0.2728007114759247,62.30845525950672,3.244524328048759,1.0774426617852864,0.6021052204908665,0.6394813715238443,-0.256038647342996,0.19166676803374896,0.17922267372735187,0.192022792022792,0.08877960820526311
2023-04-23,6.57,G2,-213.0,exponential,z_score,manhattan,0.29718378329489387,64.00707546114317,3.232997543642873,1.4328819754084066,0.3264199660978564,0.6514709097537424,-0.7121354656632167,0.19126026471808164,0.2171938440591522,0.1516809116809117,0.08971079420968453
2023-04-23,6.57,G2,-213.0,exponential,z_score,minkowski,0.2995172522950296,64.07008191854571,3.2331580069187464,1.4449230797003838,0.46184476151748205,0.6710874604374019,-0.5723049956178791,0.19121008624015182,0.2190860549485498,0.14962962962962967,0.08973076226008724
2023-04-23,6.57,G2,-213.0,exponential,robust,manhattan,0.3102224935558268,65.71457644136667,3.221096094280977,1.6624861179897528,0.3800946302582189,0.6465593502350897,-0.6373507057546146,0.1908038634359284,0.2272109593313741,0.14210826210826213,0.09125148057266458
2023-04-23,6.57,G2,-213.0,exponential,robust,minkowski,0.3201668701668697,65.38512221778086,3.2199238560674512,1.6668850476379438,0.42087670535923183,0.646367805541746,-0.4246575342465759,0.19077224087873076,0.24762812137328624,0.12820512820512822,0.09018410761900636
2023-04-23,6.57,G2,-213.0,exponential,decimal_scaling,manhattan,0.3170261836928501,65.46095661618239,3.2002655291673205,1.6434564130909222,0.6541637280373522,0.6601923879775713,-0.320776255707763,0.19070983441914932,0.23791449964070763,0.13481481481481483,0.08962432323840355
2023-04-23,6.57,G2,-213.0,exponential,decimal_scaling,minkowski,0.31606407995296815,65.31993177443877,3.1953791351527636,1.4482720612462638,0.5597923906640446,0.681719668082213,-0.49874686716791977,0.19080996795702193,0.23968585733220318,0.13413105413105414,0.08982264712884042
2023-04-23,6.57,G2,-213.0,exponential,none,manhattan,0.3170261836928501,65.46095661618239,3.2002655291673197,1.6434564130909222,0.6541637280373508,0.6601923879775712,-0.320776255707763,0.19070983441914932,0.23791449964070763,0.13481481481481483,0.08962432323840384
2023-04-23,6.57,G2,-213.0,exponential,none,minkowski,0.31606407995296815,65.31993177443877,3.1953791351527627,1.4482720612462638,0.5597923906640447,0.681719668082213,-0.49874686716791977,0.19080996795702193,0.23968585733220318,0.13413105413105414,0.08982264712884047
2002-04-17,6.56,G3,-126.0,none,min_max,manhattan,0.3963102199944304,47.14876750267944,2.8785502569444468,1.6242465911513233,0.6408717272309656,0.5293476148985913,-0.3945945945945951,0.2267296297827499,0.32310878616899863,0.13175094599243206,0.13259440350712212
2002-04-17,6.56,G3,-126.0,none,min_max,minkowski,0.3966165413533832,47.80069795018367,2.879407422721727,1.6641667238658262,0.5434710053644224,0.50266830889047,-0.3642443156486848,0.22651520441746897,0.31958931979406513,0.1345029239766082,0.13353969415350705
2002-04-17,6.56,G3,-126.0,none,z_score,manhattan,0.3682400445558341,44.97197595727552,2.868976204748879,1.5264665408116067,0.48852261185197066,0.5931979090820403,-0.5420974889217138,0.22773816685792544,0.2852829424401239,0.1565187478500172,0.12857704048003601
2002-04-17,6.56,G3,-126.0,none,z_score,minkowski,0.3604822240787154,44.53547456777118,2.8709121016861596,1.437758603955018,0.565690869996152,0.5940406966014598,-0.44240400667779617,0.22792046432300997,0.2737256613255587,0.1668386652906777,0.12755023867162768
2002-04-17,6.56,G3,-126.0,none,robust,manhattan,0.398830409356725,46.50920880164092,2.876045182781733,1.6850619385690582,0.5490474437569028,0.5922074407769585,-0.47093513058129766,0.22696599050202057,0.33331275838984503,0.12418300653594772,0.1311396195086608
2002-04-17,6.56,G3,-126.0,none,robust,minkowski,0.3978557504873292,47.257159805574034,2.878020696530106,1.629639947342252,0.615137629903371,0.5345172624781049,-0.530759951749096,0.22679120401843947,0.3269731591572526,0.1276229790161679,0.13312361557339433
2002-04-17,6.56,G3,-126.0,none,decimal_scaling,manhattan,0.2830821841270761,41.829510355637716,1.9288773559348191,0.9007655877202642,0.5639187257309266,0.24694813421555128,-0.058823529411765746,0.22930475989495736,0.15704659176003724,0.3333333333333333,0.11129409649409244
2002-04-17,6.56,G3,-126.0,none,decimal_scaling,minkowski,0.2830821841270761,41.829510355637716,1.9584413220455215,0.9007655877202642,0.5629461682311059,0.25533347705785064,-0.058823529411765746,0.22930475989495736,0.15704659176003724,0.3333333333333333,0.11138928558626113
2002-04-17,6.56,G3,-126.0,none,none,manhattan,0.28308218412707603,41.82951035563771,1.2262777110939633,0.9777087999393603,0.44955851478165,0.21782193517196846,-0.058823529411765746,0.22930475989495736,0.15704659176003719,0.3333333333333333,0.10837921212099819
2002-04-17,6.56,G3,-126.0,none,none,minkowski,0.28308218412707603,41.82951035563771,1.2508172302298108,0.9777087999393603,0.4397567083346038,0.22433124137067922,-0.058823529411765746,0.22930475989495736,0.15704659176003719,0.3333333333333333,0.10838856381147303
2002-04-17,6.56,G3,-126.0,log,min_max,manhattan,0.3963102199944304,47.14876750267944,2.8785426167908073,1.6242465911513233,0.6528484367514997,0.5296132175624038,-0.3945945945945951,0.2267296297827499,0.32310878616899863,0.13175094599243206,0.1325941952524002
2002-04-17,6.56,G3,-126.0,log,min_max,minkowski,0.3966165413533832,47.80069795018367,2.8794885033088007,1.6641667238658262,0.5536562073907019,0.5028179994932673,-0.3642443156486848,0.22651520441746897,0.31958931979406513,0.1345029239766082,0.13352873250943934
2002-04-17,6.56,G3,-126.0,log,z_score,manhattan,0.3682400445558341,44.97197595727552,2.8691962265524906,1.5264665408116067,0.48812756237631416,0.5932612090916561,-0.5420974889217138,0.22773816685792544,0.2852829424401239,0.1565187478500172,0.1285800733008645
2002-04-17,6.56,G3,-126.0,log,z_score,minkowski,0.3604822240787154,44.53547456777118,2.871224564417799,1.437758603955018,0.5705039124540421,0.5941490180197035,-0.44240400667779617,0.22792046432300997,0.2737256613255587,0.1668386652906777,0.12756295599561274
2002-04-17,6.56,G3,-126.0,log,robust,manhattan,0.398830409356725,46.50920880164092,2.876074560994195,1.6850619385690582,0.5622720237870588,0.5923144651766221,-0.47093513058129766,0.22696599050202057,0.33331275838984503,0.12418300653594772,0.1311376391339375
2002-04-17,6.56,G3,-126.0,log,robust,minkowski,0.3978557504873292,47.257159805574034,2.8781702900781565,1.629639947342252,0.5976463664308326,0.5351149437643007,-0.530759951749096,0.22679120401843947,0.3269731591572526,0.1276229790161679,0.133114795871102
2002-04-17,6.56,G3,-126.0,log,decimal_scaling,manhattan,0.3607514155759771,43.95662597214239,2.8864692762070874,1.4522423959851063,0.42396015914894514,0.5920684354998499,-0.02024291497975741,0.22806146731134896,0.28047022044200526,0.16271069831441348,0.12655771269096489
2002-04-17,6.56,G3,-126.0,log,decimal_scaling,minkowski,0.38208020050125324,45.13284359864196,2.886166886217993,1.6220256121869752,0.4659915749839474,0.5836622373313468,-0.21528662420382208,0.22749276259072515,0.31170546879584343,0.13931888544891644,0.1288541333114213
2002-04-17,6.56,G3,-126.0,log,none,manhattan,0.3607514155759771,43.95662597214239,2.8864692762070874,1.4522423959851063,0.4239601591489427,0.59206843549985,-0.02024291497975741,0.22806146731134896,0.28047022044200526,0.16271069831441348,0.12655771269096497
2002-04-17,6.56,G3,-126.0,log,none,minkowski,0.38208020050125324,45.13284359864196,2.8861668862179934,1.6220256121869752,0.4659915749839465,0.5836622373313467,-0.21528662420382208,0.22749276259072515,0.31170546879584343,0.13931888544891644,0.12885413331142126
2002-04-17,6.56,G3,-126.0,exponential,min_max,manhattan,0.3984544695071008,47.99244231622803,2.878538356667181,1.6242465911513233,0.6219088829288707,0.5255727747794109,-0.41732283464566927,0.22648419067569506,0.32341164767385144,0.13175094599243206,0.13377117420119647
2002-04-17,6.56,G3,-126.0,exponential,min_max,minkowski,0.4052353104984681,49.470960733114126,2.879362601932618,1.6335885640361256,0.5373783065810865,0.470513393831873,-0.42090825967692796,0.2259878211287169,0.3280831533919829,0.12968696250429998,0.13561455197894923
2002-04-17,6.56,G3,-126.0,exponential,z_score,manhattan,0.3682400445558341,44.97197595727552,2.86875347350223,1.5264665408116067,0.48972636700191957,0.5931311512687174,-0.5420974889217138,0.22773816685792544,0.2852829424401239,0.1565187478500172,0.12857399641179415
2002-04-17,6.56,G3,-126.0,exponential,z_score,minkowski,0.3604822240787154,44.53547456777118,2.870615524866027,1.437758603955018,0.5572086115342876,0.5939070017758428,-0.44240400667779617,0.22792046432300997,0.2737256613255587,0.1668386652906777,0.12753815809552257
2002-04-17,6.56,G3,-126.0,exponential,robust,manhattan,0.398830409356725,46.50920880164092,2.8760283080091624,1.6850619385690582,0.5321553731161458,0.592081746280382,-0.47093513058129766,0.22696599050202057,0.33331275838984503,0.12418300653594772,0.13114195244420426
2002-04-17,6.56,G3,-126.0,exponential,robust,minkowski,0.3818713450292393,46.183532887070605,2.8779151290209324,1.6872996846651267,0.6333933158164038,0.5839472759360909,-0.5714285714285717,0.22726401667530124,0.30163839070480264,0.1427588579291366,0.13127621187638852
2002-04-17,6.56,G3,-126.0,exponential,decimal_scaling,manhattan,0.3561612364243945,43.67910408773206,2.8864247010466744,1.4623893354184347,0.3609149574947721,0.5829242155117135,-0.03561643835616522,0.228220311096971,0.2752941218904825,0.16615067079463366,0.12603153877509599
2002-04-17,6.56,G3,-126.0,exponential,decimal_scaling,minkowski,0.3712266778056253,44.417054376137244,2.886101501620557,1.532768424953151,0.3640050964782499,0.5854180953727752,-0.10958904109589059,0.2278270912975125,0.29722877678588605,0.1496388028895769,0.1274764557451041
2002-04-17,6.56,G3,-126.0,exponential,none,manhattan,0.3561612364243945,43.67910408773206,2.8864247010466744,1.4623893354184347,0.3609149574947802,0.5829242155117135,-0.03561643835616522,0.228220311096971,0.2752941218904825,0.16615067079463366,0.12603153877509596
2002-04-17,6.56,G3,-126.0,exponential,none,minkowski,0.3712266778056253,44.417054376137244,2.886101501620557,1.532768424953151,0.36400509647824847,0.5854180953727752,-0.10958904109589059,0.2278270912975125,0.29722877678588605,0.1496388028895769,0.1274764557451041
2003-10-29,26.06,G5,-383.0,none,min_max,manhattan,0.3233920841063699,48.19656203742591,2.944604076811316,1.0358382978411322,0.6441355546623831,0.5888552937881856,-0.21654501216544983,0.21726177357662305,0.23093352468785738,0.18646616541353386,0.11326859957518212
2003-10-29,26.06,G5,-383.0,none,min_max,minkowski,0.3192274788703359,48.17619582182223,2.9404703922548183,0.8974307769307392,0.7190290054732441,0.6012095479057742,-0.3138686131386876,0.21730142026183646,0.22440704585742738,0.19398496240601504,0.11317068666870918
2003-10-29,26.06,G5,-383.0,none,z_score,manhattan,0.3057751507751509,47.47376202082235,2.955027110520053,0.900571853176651,0.6781112760812587,0.5979642997108348,-0.37254901960784276,0.21761981707537426,0.20777160519018856,0.21303258145363405,0.11210926680495203
2003-10-29,26.06,G5,-383.0,none,z_score,minkowski,0.30974833367690513,47.94112522219523,2.9458436245558035,1.0056286655141944,0.6849454974199153,0.5884249444136408,-0.29629629629629645,0.21740118174995687,0.20358220147105732,0.21754385964912282,0.11311744379585263
2003-10-29,26.06,G5,-383.0,none,robust,manhattan,0.31356782106782105,47.50394417987684,2.941032410681412,1.026722571228789,0.5549351381268927,0.599788933742448,-0.07843137254901607,0.2175606197799723,0.22137205282711564,0.19598997493734333,0.11185628090638697
2003-10-29,26.06,G5,-383.0,none,robust,minkowski,0.30812071526357254,47.92004775573869,2.939273015302024,0.9410039836572124,0.6984140837421239,0.5838841630784941,-0.41975308641975223,0.21743997300822465,0.2030651138202114,0.21754385964912282,0.11265134621263094
2003-10-29,26.06,G5,-383.0,none,decimal_scaling,manhattan,0.2709697082939014,46.60153478410128,2.049649600598162,0.8895741197028486,0.6218654157743925,0.49525372277776497,-0.3333333333333378,0.21802902584095893,0.15212363085310024,0.31077694235588965,0.10271923924215513
2003-10-29,26.06,G5,-383.0,none,decimal_scaling,minkowski,0.2752606889686724,46.61136354887819,2.1366108028583564,0.9242649152418271,0.6381668082614949,0.47829011938464183,-2.590520390792026e-15,0.21800975933128208,0.16042919493643382,0.29273182957393473,0.10367449376658928
2003-10-29,26.06,G5,-383.0,none,none,manhattan,0.27072754305173613,46.60153478410129,1.2556271974020154,0.7553009942099558,0.4790912776501104,0.2164695970431663,-0.3333333333333378,0.2180290259215508,0.1512490466798542,0.31228070175438594,0.09812291641522662
2003-10-29,26.06,G5,-383.0,none,none,minkowski,0.27493915864714197,46.611363548878174,1.3383889872915467,0.9252366603102692,0.4644443846678178,0.23538364616906685,-2.590520390792026e-15,0.21800975941975884,0.15920080569983158,0.29473684210526313,0.09818022428997075
2003-10-29,26.06,G5,-383.0,log,min_max,manhattan,0.31319573283859004,47.72824012132078,2.949650562430998,1.1383080765862446,0.6870979895386873,0.5972228898529778,-0.22033898305084945,0.21748214353813125,0.2174806684790156,0.20050125313283207,0.11177582270594634
2003-10-29,26.06,G5,-383.0,log,min_max,minkowski,0.3398847316704454,48.93307764898128,2.945462184542794,1.3886172918484547,0.5951541594036646,0.5961825007048476,-0.21212121212121207,0.21692406046655072,0.25853812414349814,0.1619047619047619,0.11362792753573264
2003-10-29,26.06,G5,-383.0,log,z_score,manhattan,0.3057751507751509,47.47376202082235,2.95637113110849,0.900571853176651,0.6724991325630785,0.596638210470626,-0.37254901960784276,0.21761981707537426,0.20777160519018856,0.21303258145363405,0.1121818089695698
2003-10-29,26.06,G5,-383.0,log,z_score,minkowski,0.3157587782587783,48.399137706460415,2.950111683083535,0.9822231156671238,0.572737083021638,0.6053251411609417,-0.3302752293577992,0.21721043051228556,0.20960668147102904,0.2095238095238095,0.11359908725064378
2003-10-29,26.06,G5,-383.0,log,robust,manhattan,0.31356782106782105,47.50394417987684,2.9415941702811934,1.026722571228789,0.5475625210151852,0.5999946738405351,-0.07843137254901607,0.2175606197799723,0.22137205282711564,0.19598997493734333,0.11191741487579032
2003-10-29,26.06,G5,-383.0,log,robust,minkowski,0.31548804370232936,47.940401317383305,2.941602702917201,0.9520017171310148,0.6230689990716065,0.5929647492807383,-0.29629629629629795,0.21739919052249398,0.21823035876719524,0.1994987468671679,0.1125970258102554
2003-10-29,26.06,G5,-383.0,log,decimal_scaling,manhattan,0.3093295725438583,47.920066465856365,2.9521228582817622,0.995545230112788,0.496680719878652,0.5807724607137867,-0.4197530864197548,0.21744700224379773,0.20903035034189854,0.21152882205513782,0.11241316536393803
2003-10-29,26.06,G5,-383.0,log,decimal_scaling,minkowski,0.32307445200302337,48.35654840414381,2.944996507994725,1.2350485686599895,0.5369276581530746,0.5889442560544005,-0.48936170212766056,0.217249579850641,0.2317586741933567,0.18446115288220552,0.11399817640154415
2003-10-29,26.06,G5,-383.0,log,none,manhattan,0.3093295725438583,47.920066465856365,2.9521228582817627,0.995545230112788,0.49668071987865187,0.5807724607137871,-0.4197530864197548,0.21744700224379773,0.20903035034189854,0.21152882205513782,0.11241316536393807
2003-10-29,26.06,G5,-383.0,log,none,minkowski,0.32307445200302337,48.35654840414381,2.9449965079947247,1.2350485686599895,0.5369276581530744,0.5889442560544005,-0.48936170212766056,0.217249579850641,0.2317586741933567,0.18446115288220552,0.11399817640154421
2003-10-29,26.06,G5,-383.0,exponential,min_max,manhattan,0.3192274788703359,48.17619582182229,2.9383344714896995,0.8696939750415515,0.7069826999243747,0.6042474018813682,-0.3138686131386876,0.21730142026183646,0.22440704585742738,0.19398496240601504,0.11285072336072785
2003-10-29,26.06,G5,-383.0,exponential,min_max,minkowski,0.3166670102384387,47.96172221936555,2.9338437876874655,0.9052832209943378,0.500738885024269,0.6141191403697125,-0.17283950617283916,0.2173661436667644,0.22081247447168162,0.19799498746867164,0.11197626351310086
2003-10-29,26.06,G5,-383.0,exponential,z_score,manhattan,0.3057751507751509,47.47376202082235,2.953545126986403,0.900571853176651,0.6975261914087982,0.5996121610672036,-0.37254901960784276,0.21761981707537426,0.20777160519018856,0.21303258145363405,0.11202600761312796
2003-10-29,26.06,G5,-383.0,exponential,z_score,minkowski,0.3303854875283446,48.398650503138036,2.9410821362800657,1.4623173083937364,0.6990313598946074,0.597461663660788,-0.3302752293577983,0.21718649267881465,0.24413481227128336,0.1724310776942356,0.11388794272710204
2003-10-29,26.06,G5,-383.0,exponential,robust,manhattan,0.31356782106782105,47.50394417987684,2.940705782840797,1.026722571228789,0.560208553015644,0.5998899657212842,-0.07843137254901607,0.2175606197799723,0.22137205282711564,0.19598997493734333,0.11179459114078506
2003-10-29,26.06,G5,-383.0,exponential,robust,minkowski,0.3169447880162168,47.71795894995654,2.936345043953731,1.0480239153891053,0.6338793593168364,0.5739359879836223,-0.19148936170212788,0.21746877249500815,0.22511464723372962,0.19298245614035087,0.11293755394617111
2003-10-29,26.06,G5,-383.0,exponential,decimal_scaling,manhattan,0.3093295725438583,47.920066465856365,2.951557689312133,0.995545230112788,0.5256100966530611,0.5839587385963392,-0.4197530864197548,0.21744700224379773,0.20903035034189854,0.21152882205513782,0.11236012509585294
2003-10-29,26.06,G5,-383.0,exponential,decimal_scaling,minkowski,0.30380322058893494,47.70790543556903,2.9346334647182566,0.9766182357522061,0.5650466384094391,0.6089167587508955,-0.3559322033898309,0.21752709418872346,0.1990960767809161,0.22556390977443608,0.11157231965083561
2003-10-29,26.06,G5,-383.0,exponential,none,manhattan,0.3093295725438583,47.920066465856365,2.9515576893121334,0.995545230112788,0.5256100966530638,0.583958738596339,-0.4197530864197548,0.21744700224379773,0.20903035034189854,0.21152882205513782,0.11236012509585287
2003-10-29,26.06,G5,-383.0,exponential,none,minkowski,0.30380322058893494,47.70790543556903,2.9346334647182566,0.9766182357522061,0.5650466384094356,0.6089167587508955,-0.3559322033898309,0.21752709418872346,0.1990960767809161,0.22556390977443608,0.11157231965083564
2003-11-20,6.58,G5,-422.0,none,min_max,manhattan,0.3445057189542485,38.15215874253399,2.7284178083161312,1.1856670601515982,0.3773884313208587,0.5522738760501681,-0.18518518518518517,0.24182444575781345,0.23743544153431687,0.2264705882352941,0.13725369106471724
2003-11-20,6.58,G5,-422.0,none,min_max,minkowski,0.3475519374416435,38.1619937616386,2.743951222593496,1.1856670601515982,0.3729824943434742,0.5601648840295368,-0.06666666666666667,0.24179833703654682,0.24259360927910686,0.22058823529411764,0.13816565713904044
2003-11-20,6.58,G5,-422.0,none,z_score,manhattan,0.35750175070028023,38.407126669327226,2.7543063310811595,1.2442272504176008,0.24109440481390115,0.5619803987497043,-0.07692307692307693,0.24163033405656004,0.2606873860605749,0.20294117647058824,0.13937747344794263
2003-11-20,6.58,G5,-422.0,none,z_score,minkowski,0.3778711484593838,39.08760651605167,2.748140203970978,1.519001307850976,0.29638782129785535,0.5297978897318518,-0.20376175548589343,0.2412076416640414,0.29163346482641533,0.17254901960784313,0.14134003641090323
2003-11-20,6.58,G5,-422.0,none,robust,manhattan,0.3878501400560223,39.80280000492936,2.7462020966580534,1.463576213389862,0.3388002191377718,0.5258707047293187,-0.29133858267716534,0.2408148878450391,0.30188953907482896,0.16470588235294117,0.14325741116921684
2003-11-20,6.58,G5,-422.0,none,robust,minkowski,0.3939163165266106,40.23999466877997,2.715556753407865,1.4289271883133543,0.23690953031242956,0.5165518555375884,-0.4166666666666667,0.24060791574779905,0.3087692166888629,0.1588235294117647,0.1443522951215302
2003-11-20,6.58,G5,-422.0,none,decimal_scaling,manhattan,0.30494406533009516,37.27033975096559,1.9679768415571843,0.9605884193384732,0.5840952892007171,0.44335232446879336,-0.06666666666666667,0.24240643118249677,0.17448701419372714,0.33333333333333337,0.1304642941591046
2003-11-20,6.58,G5,-422.0,none,decimal_scaling,minkowski,0.30494406533009516,37.27033975096559,2.003538106026137,0.9605884193384732,0.5671680450542728,0.44167806896397627,-0.06666666666666667,0.24240643118249677,0.17448701419372714,0.33333333333333337,0.13076866421209674
2003-11-20,6.58,G5,-422.0,none,none,manhattan,0.30494406533009505,37.270339750965576,1.1765245977949073,0.9736503234640784,0.6741133841462501,0.22638738965191155,-0.06666666666666667,0.24240643118249683,0.17448701419372717,0.33333333333333337,0.12116051863235547
2003-11-20,6.58,G5,-422.0,none,none,minkowski,0.30494406533009505,37.270339750965576,1.1998258171067835,0.9736503234640784,0.673265160062998,0.23200475354501543,-0.06666666666666667,0.24240643118249683,0.17448701419372717,0.33333333333333337,0.12117496504637483
2003-11-20,6.58,G5,-422.0,log,min_max,manhattan,0.3415971691706988,38.35518698341477,2.7253627723452545,1.1127722691434774,0.38368164281172146,0.5622766742041718,-0.46153846153846156,0.24176614554408213,0.22838907696664357,0.23823529411764705,0.13749342997161604
2003-11-20,6.58,G5,-422.0,log,min_max,minkowski,0.3475519374416435,38.1619937616386,2.7421660829212784,1.1856670601515982,0.3606497154103645,0.5605244158271458,-0.06666666666666667,0.24179833703654682,0.24259360927910686,0.22058823529411764,0.13803114407903724
2003-11-20,6.58,G5,-422.0,log,z_score,manhattan,0.3727153361344537,38.84429559292021,2.7545722727851514,1.4815802613460827,0.244457935577166,0.5291873309277937,-0.20634920634920634,0.24135424339949263,0.2847289966211056,0.1784313725490196,0.14101673160019496
2003-11-20,6.58,G5,-422.0,log,z_score,minkowski,0.3778711484593838,39.08760651605167,2.745881657621527,1.519001307850976,0.3169423070268661,0.5303280829940058,-0.20376175548589343,0.2412076416640414,0.29163346482641533,0.17254901960784313,0.141268162030112
2003-11-20,6.58,G5,-422.0,log,robust,manhattan,0.3878501400560223,39.80280000492936,2.746178595150366,1.463576213389862,0.3424765212710106,0.5261556396712164,-0.29133858267716534,0.2408148878450391,0.30188953907482896,0.16470588235294117,0.14325180015090083
2003-11-20,6.58,G5,-422.0,log,robust,minkowski,0.3939163165266106,40.23999466877997,2.706112560111003,1.4289271883133543,0.2150097086277168,0.5161667997382711,-0.4166666666666667,0.24060791574779905,0.3087692166888629,0.1588235294117647,0.14405142109728158
2003-11-20,6.58,G5,-422.0,log,decimal_scaling,manhattan,0.36550828664799256,38.83331813846541,2.7560695132757815,1.300051465355893,0.6486377229402026,0.5821695047380351,-0.2698412698412698,0.2413968720221391,0.2686433058460936,0.19313725490196076,0.14061241925279136
2003-11-20,6.58,G5,-422.0,log,decimal_scaling,minkowski,0.36732901493930925,39.045710034287914,2.747058269891453,1.3554635532759869,0.6030885554399447,0.535866305376018,-0.4043887147335423,0.24131652727776065,0.27007632089837164,0.19117647058823528,0.14112254575167194
2003-11-20,6.58,G5,-422.0,log,none,manhattan,0.36550828664799256,38.83331813846541,2.756069513275782,1.300051465355893,0.6486377229402023,0.5821695047380352,-0.2698412698412698,0.2413968720221391,0.2686433058460936,0.19313725490196076,0.14061241925279142
2003-11-20,6.58,G5,-422.0,log,none,minkowski,0.36732901493930925,39.045710034287914,2.747058269891453,1.3554635532759869,0.6030885554399426,0.5358663053760181,-0.4043887147335423,0.24131652727776065,0.27007632089837164,0.19117647058823528,0.14112254575167196
2003-11-20,6.58,G5,-422.0,exponential,min_max,manhattan,0.3445057189542485,38.15215874253399,2.7311643473071383,1.1856670601515982,0.396660795971911,0.551794977925008,-0.18518518518518517,0.24182444575781345,0.23743544153431687,0.2264705882352941,0.13742661876810414
2003-11-20,6.58,G5,-422.0,exponential,min_max,minkowski,0.3475519374416435,38.1619937616386,2.7455992037323584,1.1856670601515982,0.3848588761573834,0.5597638849325663,-0.06666666666666667,0.24179833703654682,0.24259360927910686,0.22058823529411764,0.13829281684991304
2003-11-20,6.58,G5,-422.0,exponential,z_score,manhattan,0.35750175070028023,38.407126669327226,2.754069211880605,1.2442272504176008,0.24089574128872232,0.5617636460958387,-0.07692307692307693,0.24163033405656004,0.2606873860605749,0.20294117647058824,0.13938584629031708
2003-11-20,6.58,G5,-422.0,exponential,z_score,minkowski,0.367390289449113,38.85391831945685,2.7498035288191796,1.4358568659425166,0.27658350566813605,0.5292227935333861,-0.22666666666666666,0.24137560667559588,0.2729443395971726,0.19019607843137254,0.14074798884170317
2003-11-20,6.58,G5,-422.0,exponential,robust,manhattan,0.3878501400560223,39.80280000492936,2.7462011112286535,1.463576213389862,0.3424841741699528,0.5255763627511034,-0.29133858267716534,0.2408148878450391,0.30188953907482896,0.16470588235294117,0.14326164711892359
2003-11-20,6.58,G5,-422.0,exponential,robust,minkowski,0.3939163165266106,40.23999466877997,2.7223629772750364,1.4289271883133543,0.2551004761475184,0.5164751505545951,-0.4166666666666667,0.24060791574779905,0.3087692166888629,0.1588235294117647,0.14455711495524104
2003-11-20,6.58,G5,-422.0,exponential,decimal_scaling,manhattan,0.36550828664799256,38.83331813846541,2.755532906355801,1.300051465355893,0.6625730131993339,0.5827488947221071,-0.2698412698412698,0.2413968720221391,0.2686433058460936,0.19313725490196076,0.1405904189945348
2003-11-20,6.58,G5,-422.0,exponential,decimal_scaling,minkowski,0.36732901493930925,39.045710034287914,2.7523540556547705,1.3554635532759869,0.6492098812238465,0.5386945877912833,-0.4043887147335423,0.24131652727776065,0.27007632089837164,0.19117647058823528,0.14122343356215294
2003-11-20,6.58,G5,-422.0,exponential,none,manhattan,0.36550828664799256,38.83331813846541,2.7555329063558016,1.300051465355893,0.6625730131993349,0.5827488947221071,-0.2698412698412698,0.2413968720221391,0.2686433058460936,0.19313725490196076,0.14059041899453495
2003-11-20,6.58,G5,-422.0,exponential,none,minkowski,0.36732901493930925,39.045710034287914,2.75235405565477,1.3554635532759869,0.6492098812238434,0.5386945877912832,-0.4043887147335423,0.24131652727776065,0.27007632089837164,0.19117647058823528,0.1412234335621529
2004-11-09,8.12,G5,-383.0,none,min_max,manhattan,0.36567460317460326,38.82324895725578,2.7398572388881703,1.3678945374876712,0.57330438075894,0.5786143759901491,-0.3333333333333333,0.24141814618470897,0.27076221005437306,0.19117647058823528,0.14037906010640427
2004-11-09,8.12,G5,-383.0,none,min_max,minkowski,0.3601423902894491,38.831898089839285,2.738380146153993,1.2687157175591868,0.21498429633673521,0.5529058145110415,-0.3333333333333333,0.2414439981096195,0.2583820709653419,0.2019607843137255,0.14084730047998453
2004-11-09,8.12,G5,-383.0,none,z_score,manhattan,0.3653682306255837,38.8234893176603,2.729921955784955,1.280545080672511,0.4195145888465417,0.576276977578703,-0.3333333333333333,0.24142038093792043,0.2715922513899173,0.19117647058823528,0.1393658872620831
2004-11-09,8.12,G5,-383.0,none,z_score,minkowski,0.34325158093540464,38.345358025811386,2.73067046814487,0.9317017285951632,0.624164791459138,0.562383419537033,-0.5,0.2417535199104287,0.23031376815725074,0.23529411764705882,0.1389734827953966
2004-11-09,8.12,G5,-383.0,none,robust,manhattan,0.36045459850606915,38.6087567855694,2.756673876633222,1.3510998806532766,0.4243929859861687,0.571299322303493,-0.24675324675324675,0.24154444259375588,0.2637119349782469,0.19705882352941173,0.14001750215604675
2004-11-09,8.12,G5,-383.0,none,robust,minkowski,0.36653828197945837,39.29973908574759,2.7561690389116085,1.2832438019804773,0.3685053487836659,0.5345244843761486,-0.4,0.24122703348182864,0.26756677572559234,0.19313725490196076,0.1421983102532151
2004-11-09,8.12,G5,-383.0,none,decimal_scaling,manhattan,0.304944065330095,37.27033975096556,1.8231658073218917,0.9896768158386692,0.5387185957238446,0.35358734060915703,-0.06666666666666667,0.24240643118249683,0.17448701419372714,0.33333333333333337,0.12762498276261616
2004-11-09,8.12,G5,-383.0,none,decimal_scaling,minkowski,0.304944065330095,37.27033975096556,1.8494090318221572,0.9896768158386692,0.5494556176892214,0.3609396566997352,-0.06666666666666667,0.24240643118249683,0.17448701419372714,0.33333333333333337,0.12766267104005122
2004-11-09,8.12,G5,-383.0,none,none,manhattan,0.304944065330095,37.27033975096556,2.212839680911152,0.9622964186940944,0.46489908197473606,0.5155804642877069,-0.06666666666666667,0.24240643118249683,0.1744870141937272,0.33333333333333337,0.12398896073662913
2004-11-09,8.12,G5,-383.0,none,none,minkowski,0.304944065330095,37.27033975096556,2.2484057683849548,0.9622964186940944,0.4760477218819618,0.5172184037550664,-0.06666666666666667,0.24240643118249683,0.1744870141937272,0.33333333333333337,0.12428884403566588
2004-11-09,8.12,G5,-383.0,log,min_max,manhattan,0.36567460317460326,38.82324895725578,2.7404052233853933,1.3678945374876712,0.5763028473103349,0.5786457566406794,-0.3333333333333333,0.24141814618470897,0.27076221005437306,0.19117647058823528,0.14039110518548842
2004-11-09,8.12,G5,-383.0,log,min_max,minkowski,0.357326680672269,38.82183834764966,2.7388134919975275,1.0501414734774521,0.19710061999412437,0.5530611517146593,-0.38666666666666666,0.24147161221001198,0.2533844050223518,0.20784313725490194,0.1408483021964745
2004-11-09,8.12,G5,-383.0,log,z_score,manhattan,0.3653682306255837,38.8234893176603,2.730603491324257,1.280545080672511,0.4234831203282872,0.5762605232810155,-0.3333333333333333,0.24142038093792043,0.2715922513899173,0.19117647058823528,0.13938027821711316
2004-11-09,8.12,G5,-383.0,log,z_score,minkowski,0.34325158093540464,38.345358025811386,2.731402070099577,0.9317017285951632,0.6249422802510775,0.5626986086951489,-0.5,0.2417535199104287,0.23031376815725074,0.23529411764705882,0.13898453704863578
2004-11-09,8.12,G5,-383.0,log,robust,manhattan,0.3676849906629318,39.07729697159204,2.7565005793025863,1.3314838512907365,0.5105952275439585,0.5667467351924924,-0.3493975903614458,0.24131526022124727,0.27374470618099656,0.18823529411764706,0.14130070050283502
2004-11-09,8.12,G5,-383.0,log,robust,minkowski,0.36653828197945837,39.29973908574759,2.7561043493571784,1.2832438019804773,0.37190453332856077,0.5350766558611793,-0.4,0.24122703348182864,0.26756677572559234,0.19313725490196076,0.14213893298553637
2004-11-09,8.12,G5,-383.0,log,decimal_scaling,manhattan,0.3658671802054155,38.823018007409104,2.755654004475514,1.3257397868855998,0.5659761463775419,0.5569930737361574,-0.3333333333333333,0.24141605681506817,0.2706842260889811,0.1911764705882353,0.1398482277619394
2004-11-09,8.12,G5,-383.0,log,decimal_scaling,minkowski,0.36139414098972933,38.61953104940425,2.7579294964692616,1.1429191026218959,0.5003531975763821,0.5727476308161774,-0.1774891774891775,0.24151676930845814,0.264605955715367,0.19803921568627447,0.13995518056044104
2004-11-09,8.12,G5,-383.0,log,none,manhattan,0.3658671802054155,38.823018007409104,2.755654004475514,1.3257397868855998,0.5659761463775401,0.5569930737361574,-0.3333333333333333,0.24141605681506817,0.2706842260889811,0.1911764705882353,0.1398482277619393
2004-11-09,8.12,G5,-383.0,log,none,minkowski,0.36139414098972933,38.61953104940425,2.7579294964692616,1.1429191026218959,0.5003531975763803,0.5727476308161774,-0.1774891774891775,0.24151676930845814,0.264605955715367,0.19803921568627447,0.13995518056044098
2004-11-09,8.12,G5,-383.0,exponential,min_max,manhattan,0.36567460317460326,38.82324895725578,2.739297057686959,1.3678945374876712,0.5700101626364672,0.5786261791586614,-0.3333333333333333,0.24141814618470897,0.27076221005437306,0.19117647058823528,0.14036427108528327
2004-11-09,8.12,G5,-383.0,exponential,min_max,minkowski,0.3573266806722691,38.82183834764972,2.7383015260277626,1.0794902567729587,0.2921124135376386,0.5529276718294108,-0.38666666666666666,0.24147161221001198,0.2533844050223518,0.20784313725490194,0.14085579368354195
2004-11-09,8.12,G5,-383.0,exponential,z_score,manhattan,0.3653682306255837,38.8234893176603,2.729233523893044,1.280545080672511,0.4153786838380291,0.5763056355398909,-0.3333333333333333,0.24142038093792043,0.2715922513899173,0.19117647058823528,0.13935090562644087
2004-11-09,8.12,G5,-383.0,exponential,z_score,minkowski,0.34325158093540464,38.345358025811386,2.730069006692932,0.9317017285951632,0.6235505378457015,0.5620799428758878,-0.5,0.2417535199104287,0.23031376815725074,0.23529411764705882,0.13896314228382178
2004-11-09,8.12,G5,-383.0,exponential,robust,manhattan,0.36045459850606915,38.6087567855694,2.7568554771694913,1.3510998806532766,0.42137166152115413,0.5713863254949858,-0.24675324675324675,0.24154444259375588,0.2637119349782469,0.19705882352941173,0.14004061326342465
2004-11-09,8.12,G5,-383.0,exponential,robust,minkowski,0.36653828197945837,39.29973908574759,2.756216581663823,1.2832438019804773,0.36370465668968815,0.5339430053089512,-0.4,0.24122703348182864,0.26756677572559234,0.19313725490196076,0.14226404207834412
2004-11-09,8.12,G5,-383.0,exponential,decimal_scaling,manhattan,0.37509045284780573,39.322240636492864,2.7563943871741916,1.3196544881774128,0.5675202554859823,0.56371785101382,-0.2962962962962963,0.24112882960396256,0.28276491707927265,0.1803921568627451,0.14109743932928073
2004-11-09,8.12,G5,-383.0,exponential,decimal_scaling,minkowski,0.36139414098972933,38.61953104940425,2.75870822802234,1.1429191026218959,0.49439410498671704,0.574133977868134,-0.1774891774891775,0.24151676930845814,0.264605955715367,0.19803921568627447,0.1399048186951698
2004-11-09,8.12,G5,-383.0,exponential,none,manhattan,0.37509045284780573,39.322240636492864,2.7563943871741916,1.3196544881774128,0.5675202554859761,0.56371785101382,-0.2962962962962963,0.24112882960396256,0.28276491707927265,0.1803921568627451,0.1410974393292806
2004-11-09,8.12,G5,-383.0,exponential,none,minkowski,0.36139414098972933,38.61953104940425,2.75870822802234,1.1429191026218959,0.49439410498671765,0.5741339778681342,-0.1774891774891775,0.24151676930845814,0.264605955715367,0.19803921568627447,0.1399048186951697
2005-01-21,11.26,G4,-101.0,none,min_max,manhattan,0.3569823762838472,38.58907755615524,2.7215479299802183,1.2778659151861496,0.6992897722475587,0.5464470238413921,-0.3852813852813853,0.24158419685281138,0.25669710234082554,0.20490196078431372,0.13853447725066076
2005-01-21,11.26,G4,-101.0,none,min_max,minkowski,0.34761931287666603,38.365705302566894,2.727552143946473,1.0526535056201358,0.7051591613018644,0.5431013985870353,-0.38461538461538464,0.24173464899675712,0.24194563705374533,0.22254901960784315,0.13822090719449864
2005-01-21,11.26,G4,-101.0,none,z_score,manhattan,0.3297247686953572,37.909125943673175,2.680242101822646,0.9825764479829887,0.6999677822194244,0.5993186704981961,-0.48148148148148145,0.24202371373133538,0.21280881272374397,0.2607843137254902,0.13385023038021848
2005-01-21,11.26,G4,-101.0,none,z_score,minkowski,0.3308126718053191,37.90935675441943,2.678257373080757,0.9902619188611658,0.5891611039476563,0.5666653345680964,-0.48148148148148145,0.24201954738100528,0.21443040440327074,0.2598039215686274,0.13533854507811152
2005-01-21,11.26,G4,-101.0,none,robust,manhattan,0.33334606569900715,38.112154101840716,2.658402009018342,1.045025835149836,0.2607520646346331,0.576381342717475,-0.6592592592592592,0.24192548330277747,0.21671077271940953,0.253921568627451,0.13485315749947108
2005-01-21,11.26,G4,-101.0,none,robust,minkowski,0.33559226720991453,37.91918856425189,2.650678748257088,0.7842547832075959,0.24271992658188446,0.5624651217071839,-0.3333333333333333,0.24199289830052273,0.2242941527570278,0.2450980392156863,0.13476262960681593
2005-01-21,11.26,G4,-101.0,none,decimal_scaling,manhattan,0.3049440653300951,37.27033975096559,1.6018499938376498,0.9087390016870233,0.5031447872624568,0.21501568678707172,-0.06666666666666667,0.24240643118249683,0.17448701419372714,0.33333333333333337,0.12761498054591341
2005-01-21,11.26,G4,-101.0,none,decimal_scaling,minkowski,0.31351830359183336,37.48319357475705,1.6660379955619935,0.9411211185015088,0.5280895413503186,0.23287372534355022,-0.3333333333333333,0.2422785396666205,0.18797794896243558,0.30588235294117655,0.1278851703023589
2005-01-21,11.26,G4,-101.0,none,none,manhattan,0.30494406533009505,37.27033975096557,1.0369622703764945,0.9826404992133888,0.39463526271491844,0.16797108308587366,-0.06666666666666667,0.24240643118249683,0.17448701419372717,0.33333333333333337,0.12108241519234622
2005-01-21,11.26,G4,-101.0,none,none,minkowski,0.3133344800624216,37.483193574756235,1.088694721937813,1.0015317652281424,0.43518234077969187,0.18201969727044182,-0.3333333333333333,0.24227854054208683,0.18730051364118327,0.30686274509803924,0.12112306614750852
2005-01-21,11.26,G4,-101.0,log,min_max,manhattan,0.3569823762838472,38.58907755615524,2.721867416114092,1.2778659151861496,0.6866864918401587,0.5473675025253169,-0.3852813852813853,0.24158419685281138,0.25669710234082554,0.20490196078431372,0.13854915115990435
2005-01-21,11.26,G4,-101.0,log,min_max,minkowski,0.34761931287666603,38.365705302566894,2.7280545010066977,1.0526535056201358,0.6844363999816317,0.5443448842130894,-0.38461538461538464,0.24173464899675712,0.24194563705374533,0.22254901960784315,0.13826269383887513
2005-01-21,11.26,G4,-101.0,log,z_score,manhattan,0.3297247686953572,37.909125943673175,2.6808474089322596,0.9825764479829887,0.689460635205263,0.5993721676701711,-0.48148148148148145,0.24202371373133538,0.21280881272374397,0.2607843137254902,0.13387476274832996
2005-01-21,11.26,G4,-101.0,log,z_score,minkowski,0.3310577698445347,37.91896389736519,2.6793722619541365,1.010292516146441,0.5676653090811525,0.5712039709972642,-0.3333333333333333,0.24200292880733887,0.21441601091152493,0.2598039215686274,0.13513223510033903
2005-01-21,11.26,G4,-101.0,log,robust,manhattan,0.33334606569900715,38.112154101840716,2.659408679987934,1.045025835149836,0.25489557709061117,0.5752856887133406,-0.6592592592592592,0.24192548330277747,0.21671077271940953,0.253921568627451,0.13490429975826349
2005-01-21,11.26,G4,-101.0,log,robust,minkowski,0.33559226720991453,37.91918856425189,2.6510139081913415,0.7842547832075959,0.24808217080404188,0.5615173931671877,-0.3333333333333333,0.24199289830052273,0.2242941527570278,0.2450980392156863,0.13480524206500996
2005-01-21,11.26,G4,-101.0,log,decimal_scaling,manhattan,0.3400069497495971,38.132273390747216,2.749666158191072,0.913226667401507,0.663266090940177,0.5208264150057289,-0.4222222222222222,0.2418721869522316,0.22886041218167263,0.2382352941176471,0.13909290512220088
2005-01-21,11.26,G4,-101.0,log,decimal_scaling,minkowski,0.3400069497495971,38.132273390747216,2.7514322139342258,0.913226667401507,0.6299056903584294,0.5269105783466426,-0.4222222222222222,0.2418721869522316,0.22886041218167263,0.2382352941176471,0.13906554610941044
2005-01-21,11.26,G4,-101.0,log,none,manhattan,0.3400069497495971,38.132273390747216,2.749666158191072,0.913226667401507,0.6632660909401777,0.5208264150057289,-0.4222222222222222,0.2418721869522316,0.22886041218167263,0.2382352941176471,0.13909290512220085
2005-01-21,11.26,G4,-101.0,log,none,minkowski,0.3400069497495971,38.132273390747216,2.7514322139342258,0.913226667401507,0.6299056903584281,0.5269105783466426,-0.4222222222222222,0.2418721869522316,0.22886041218167263,0.2382352941176471,0.1390655461094105
2005-01-21,11.26,G4,-101.0,exponential,min_max,manhattan,0.3608397525676939,38.60875055845871,2.721591024355072,1.3571851793614633,0.5891859637085182,0.5597795599319814,-0.24675324675324675,0.24153933150435225,0.2636276607386941,0.1970588235294118,0.13770698442029114
2005-01-21,11.26,G4,-101.0,exponential,min_max,minkowski,0.34761931287666603,38.365705302566894,2.727255543358136,1.0526535056201358,0.7225520196913031,0.5418941375514101,-0.38461538461538464,0.24173464899675712,0.24194563705374533,0.22254901960784315,0.13818417509589115
2005-01-21,11.26,G4,-101.0,exponential,z_score,manhattan,0.3297247686953572,37.909125943673175,2.67977102366565,0.9825764479829887,0.7309730173606542,0.5992274562451324,-0.48148148148148145,0.24202371373133538,0.21280881272374397,0.2607843137254902,0.13383163533348535
2005-01-21,11.26,G4,-101.0,exponential,z_score,minkowski,0.3216799336284633,37.69627513718964,2.6776627525107246,0.973991474628664,0.5592889239612632,0.5750612083823263,-0.4177215189873418,0.24214841684926772,0.19933714843637435,0.28431372549019607,0.13497336385550862
2005-01-21,11.26,G4,-101.0,exponential,robust,manhattan,0.3393825333163571,38.12243837199657,2.6580481780470198,1.0255955256164013,0.26563333140831313,0.5636461457527376,-0.5407407407407407,0.24189216539888517,0.22861155619338208,0.23823529411764705,0.13586799814404202
2005-01-21,11.26,G4,-101.0,exponential,robust,minkowski,0.33559226720991453,37.91918856425189,2.650898800743404,0.7842547832075959,0.2351920369290253,0.5634254624922621,-0.3333333333333333,0.24199289830052273,0.2242941527570278,0.2450980392156863,0.13473660405537333
2005-01-21,11.26,G4,-101.0,exponential,decimal_scaling,manhattan,0.3400069497495971,38.132273390747216,2.7504058190159526,0.913226667401507,0.6875556220786536,0.5215998115223975,-0.4222222222222222,0.2418721869522316,0.22886041218167263,0.2382352941176471,0.1391574571897047
2005-01-21,11.26,G4,-101.0,exponential,decimal_scaling,minkowski,0.3355134856973094,37.929017438447275,2.7547972596367245,1.0552363314264215,0.729928541671589,0.5512021561609665,-0.18518518518518517,0.2419736500468929,0.2227165043262007,0.24705882352941172,0.13788633957172794
2005-01-21,11.26,G4,-101.0,exponential,none,manhattan,0.3400069497495971,38.132273390747216,2.7504058190159526,0.913226667401507,0.6875556220786525,0.5215998115223976,-0.4222222222222222,0.2418721869522316,0.22886041218167263,0.2382352941176471,0.13915745718970488
2005-01-21,11.26,G4,-101.0,exponential,none,minkowski,0.3355134856973094,37.929017438447275,2.7547972596367245,1.0552363314264215,0.7299285416715883,0.5512021561609665,-0.18518518518518517,0.2419736500468929,0.2227165043262007,0.24705882352941172,0.137886339571728
2005-05-14,0.0,Unknown,0.0,none,min_max,manhattan,0.3848301820728291,39.56861160285113,2.70336123137833,1.4574909146816748,0.6001949777480733,0.5596972163941198,-0.29292929292929293,0.24096409387250198,0.30238118447011353,0.16470588235294117,0.1403528690533867
2005-05-14,0.0,Unknown,0.0,none,min_max,minkowski,0.36337826797385625,38.416743167172115,2.70609843199541,1.3513524685963256,0.5277160852622226,0.5610553254889098,0.0,0.2416006665021262,0.2742328701311826,0.1892156862745098,0.1368714823518193
2005-05-14,0.0,Unknown,0.0,none,z_score,manhattan,0.3699754901960786,40.09170075579323,2.68143609656016,1.334257028614343,0.47964874430594506,0.5440780829430389,-0.8055555555555556,0.24094716740073682,0.26353722554545306,0.19509803921568625,0.14148579989141333
2005-05-14,0.0,Unknown,0.0,none,z_score,minkowski,0.38203781512605045,39.6875300809981,2.691905024057176,1.5071093167153746,0.4520500310036827,0.5509830600628884,-0.6310679611650486,0.24098786062647679,0.29343425906196136,0.1696078431372549,0.14056894926934707
2005-05-14,0.0,Unknown,0.0,none,robust,manhattan,0.3890231092436976,40.6695031056044,2.710193788636356,1.4106386388973948,0.30677503629733227,0.5615881478490827,-0.5845410628019324,0.24056355902709892,0.30020256325761563,0.16568627450980392,0.14336392955412391
2005-05-14,0.0,Unknown,0.0,none,robust,minkowski,0.3870098039215688,39.942805471921346,2.708450518149303,1.55004146957396,0.45865465397836264,0.5543111957825985,-0.5722543352601156,0.24086097510370597,0.3041225798628762,0.16176470588235298,0.1416927136428053
2005-05-14,0.0,Unknown,0.0,none,decimal_scaling,manhattan,0.304944065330095,37.270339750965604,1.8024088024942813,0.8612609215986181,0.5502085143649066,0.21504874407271268,-0.06666666666666667,0.24240643118249683,0.17448701419372714,0.33333333333333337,0.12739353935053735
2005-05-14,0.0,Unknown,0.0,none,decimal_scaling,minkowski,0.31012176140852643,37.48296890821934,1.8422279401436525,0.8458159516024883,0.5572631591715721,0.2291061166837551,-0.3333333333333333,0.24228263047255386,0.1796582743084432,0.3205882352941177,0.1274805257661431
2005-05-14,0.0,Unknown,0.0,none,none,manhattan,0.304944065330095,37.2703397509656,1.163801055796981,0.9174432162478442,0.5259976841624308,0.17476201316265635,-0.06666666666666667,0.24240643118249683,0.17448701419372717,0.33333333333333337,0.12136360822616714
2005-05-14,0.0,Unknown,0.0,none,none,minkowski,0.304944065330095,37.2703397509656,1.1960118511666376,0.9174432162478442,0.5379763923240943,0.18176422365542563,-0.06666666666666667,0.24240643118249683,0.17448701419372717,0.33333333333333337,0.1213818235306602
2005-05-14,0.0,Unknown,0.0,log,min_max,manhattan,0.3848301820728291,39.56861160285113,2.7050178186023617,1.4574909146816748,0.6042568375227032,0.5581049510042617,-0.29292929292929293,0.24096409387250198,0.30238118447011353,0.16470588235294117,0.14050640627658162
2005-05-14,0.0,Unknown,0.0,log,min_max,minkowski,0.36337826797385625,38.416743167172115,2.706958709776182,1.3513524685963256,0.5357895171755093,0.5600923125308105,0.0,0.2416006665021262,0.2742328701311826,0.1892156862745098,0.13694735683018047
2005-05-14,0.0,Unknown,0.0,log,z_score,manhattan,0.3699754901960786,40.09170075579323,2.6827956772529657,1.334257028614343,0.4862803980225959,0.5439511912308221,-0.8055555555555556,0.24094716740073682,0.26353722554545306,0.19509803921568625,0.1415418483891919
2005-05-14,0.0,Unknown,0.0,log,z_score,minkowski,0.38203781512605045,39.6875300809981,2.6936644305293447,1.5071093167153746,0.41266702690641566,0.5504122378670085,-0.6310679611650486,0.24098786062647679,0.29343425906196136,0.1696078431372549,0.14065475456707904
2005-05-14,0.0,Unknown,0.0,log,robust,manhattan,0.3890231092436976,40.6695031056044,2.708957767851248,1.4106386388973948,0.3145515133251031,0.5618605293633401,-0.5845410628019324,0.24056355902709892,0.30020256325761563,0.16568627450980392,0.14328546165794967
2005-05-14,0.0,Unknown,0.0,log,robust,minkowski,0.3870098039215688,39.942805471921346,2.706156204412293,1.55004146957396,0.47294846871035645,0.5547927755638196,-0.5722543352601156,0.24086097510370597,0.3041225798628762,0.16176470588235298,0.1415661643294043
2005-05-14,0.0,Unknown,0.0,log,decimal_scaling,manhattan,0.34869864612511686,38.355882626682465,2.7510560833581374,1.2620953702311233,0.6475670714972555,0.5462267339967517,-0.4,0.24172210195671173,0.24225936782717394,0.22156862745098038,0.13958770072139107
2005-05-14,0.0,Unknown,0.0,log,decimal_scaling,minkowski,0.34727527374586215,38.5692015033986,2.7541612186466615,1.0519780933721068,0.6183868765172561,0.5522498570324272,-0.5238095238095238,0.24164461149336494,0.23715319099657547,0.22843137254901957,0.14020258018010245
2005-05-14,0.0,Unknown,0.0,log,none,manhattan,0.34869864612511686,38.355882626682465,2.7510560833581374,1.2620953702311233,0.647567071497254,0.5462267339967516,-0.4,0.24172210195671173,0.24225936782717394,0.22156862745098038,0.13958770072139123
2005-05-14,0.0,Unknown,0.0,log,none,minkowski,0.34727527374586215,38.5692015033986,2.754161218646661,1.0519780933721068,0.6183868765172488,0.5522498570324275,-0.5238095238095238,0.24164461149336494,0.23715319099657547,0.22843137254901957,0.14020258018010243
2005-05-14,0.0,Unknown,0.0,exponential,min_max,manhattan,0.3848301820728291,39.56861160285113,2.7016033967323008,1.4574909146816748,0.5813059814702075,0.5612348800580689,-0.29292929292929293,0.24096409387250198,0.30238118447011353,0.16470588235294117,0.1401951966927099
2005-05-14,0.0,Unknown,0.0,exponential,min_max,minkowski,0.36337826797385625,38.416743167172115,2.7052695851625037,1.3513524685963256,0.5210321295654221,0.5619877604735279,0.0,0.2416006665021262,0.2742328701311826,0.1892156862745098,0.13679172572728787
2005-05-14,0.0,Unknown,0.0,exponential,z_score,manhattan,0.38587184873949587,41.03070573158341,2.6800550917583146,1.426671376995912,0.4708941374864771,0.5729790347252505,-0.8,0.2405129078621711,0.2867098556402737,0.17352941176470588,0.14324613607944756
2005-05-14,0.0,Unknown,0.0,exponential,z_score,minkowski,0.38203781512605045,39.6875300809981,2.690344010501831,1.5071093167153746,0.4864949586065269,0.551639186853737,-0.6310679611650486,0.24098786062647679,0.29343425906196136,0.1696078431372549,0.14048790154186297
2005-05-14,0.0,Unknown,0.0,exponential,robust,manhattan,0.3890231092436976,40.6695031056044,2.7115984168434006,1.4106386388973948,0.3008509877537793,0.5612247181247842,-0.5845410628019324,0.24056355902709892,0.30020256325761563,0.16568627450980392,0.14345243865278146
2005-05-14,0.0,Unknown,0.0,exponential,robust,minkowski,0.3746936274509805,39.7079307347337,2.7110943042288804,1.3474795943775553,0.44926807808646013,0.5655181169910559,-0.5748031496062992,0.2410357583147278,0.28123228073550394,0.18137254901960784,0.141183357025055
2005-05-14,0.0,Unknown,0.0,exponential,decimal_scaling,manhattan,0.34869864612511686,38.355882626682465,2.7519976060279467,1.2620953702311233,0.6647996448400773,0.5471521438325522,-0.4,0.24172210195671173,0.24225936782717394,0.22156862745098038,0.1395714163530061
2005-05-14,0.0,Unknown,0.0,exponential,decimal_scaling,minkowski,0.345101487564723,38.55867380214012,2.756226098747052,1.045025835149836,0.6201254256455444,0.552345554003042,-0.5930735930735931,0.24166861034568293,0.23239760877565083,0.23333333333333334,0.13997068552258396
2005-05-14,0.0,Unknown,0.0,exponential,none,manhattan,0.34869864612511686,38.355882626682465,2.7519976060279463,1.2620953702311233,0.6647996448400807,0.5471521438325523,-0.4,0.24172210195671173,0.24225936782717394,0.22156862745098038,0.13957141635300627
2005-05-14,0.0,Unknown,0.0,exponential,none,minkowski,0.345101487564723,38.55867380214012,2.756226098747053,1.045025835149836,0.6201254256455538,0.552345554003042,-0.5930735930735931,0.24166861034568293,0.23239760877565083,0.23333333333333334,0.13997068552258385
